date,product,price
2025-06-28 19:53:34,100g Valcambi Gold Bar,17954.00
2025-06-28 19:53:37,Boox Go Color 7,549
2025-06-28 19:53:39,50g Valcambi Gold Bar,9066.00
2025-06-28 19:53:43,1 oz Valcambi Gold Bars,5645.00
2025-06-29 21:05:01,100g Valcambi Gold Bar,17954.00
2025-06-29 21:05:04,Boox Go Color 7,549
2025-06-29 21:05:06,50g Valcambi Gold Bar,9066.00
2025-06-29 21:05:10,1 oz Valcambi Gold Bars,5645.00
2025-06-30 19:55:12,100g Valcambi Gold Bar,18002.00
2025-06-30 19:55:15,Boox Go Color 7,549
2025-06-30 19:55:19,50g Valcambi Gold Bar,9090.00
2025-06-30 19:55:22,1 oz Valcambi Gold Bars,5659.00
2025-06-30 21:35:24,100g Valcambi Gold Bar,17997.00
2025-06-30 21:35:27,Boox Go Color 7,549
2025-06-30 21:35:31,50g Valcambi Gold Bar,9087.00
2025-06-30 21:35:34,1 oz Valcambi Gold Bars,5658.00
2025-07-01 20:13:46,100g Valcambi Gold Bar,18233.00
2025-07-01 20:13:48,Boox Go Color 7,549
2025-07-01 20:13:52,50g Valcambi Gold Bar,9206.00
2025-07-01 20:13:56,1 oz Valcambi Gold Bars,5732.00
2025-07-02 19:30:25,100g Valcambi Gold Bar,18234.00
2025-07-02 19:30:28,Boox Go Color 7,549
2025-07-02 19:30:32,50g Valcambi Gold Bar,9207.00
2025-07-02 19:30:35,1 oz Valcambi Gold Bars,5732.00
2025-07-03 19:44:19,100g Valcambi Gold Bar,18205.00
2025-07-03 19:44:21,Boox Go Color 7,549
2025-07-03 19:44:25,50g Valcambi Gold Bar,9192.00
2025-07-03 19:44:28,1 oz Valcambi Gold Bars,5723.00
2025-07-04 17:03:24,100g Valcambi Gold Bar,18202.00
2025-07-04 17:03:28,Boox Go Color 7,549
2025-07-04 17:03:32,50g Valcambi Gold Bar,9191.00
2025-07-04 17:03:36,1 oz Valcambi Gold Bars,5723.00
2025-07-05 17:20:13,100g Valcambi Gold Bar,18202.00
2025-07-05 17:20:18,Boox Go Color 7,549
2025-07-05 17:20:22,50g Valcambi Gold Bar,9191.00
2025-07-05 17:20:26,1 oz Valcambi Gold Bars,5722.00
2025-07-06 17:19:53,100g Valcambi Gold Bar,18202.00
2025-07-06 17:19:57,Boox Go Color 7,549
2025-07-06 17:20:01,50g Valcambi Gold Bar,9191.00
2025-07-06 17:20:05,1 oz Valcambi Gold Bars,5722.00
2025-07-07 17:21:17,100g Valcambi Gold Bar,18288.00
2025-07-07 17:21:21,Boox Go Color 7,549
2025-07-07 17:21:25,50g Valcambi Gold Bar,9234.00
2025-07-07 17:21:28,1 oz Valcambi Gold Bars,5749.00
2025-07-07 23:01:48,100g Valcambi Gold Bar,18304.00
2025-07-07 23:01:50,Boox Go Color 7,549
2025-07-07 23:01:54,50g Valcambi Gold Bar,9242.00
2025-07-07 23:01:57,1 oz Valcambi Gold Bars,5754.00
2025-07-07 23:02:01,sports gene,25.00
2025-07-07 20:10:00,100g Valcambi Gold Bar,18295.00
2025-07-07 20:10:03,Boox Go Color 7,549
2025-07-07 20:10:08,50g Valcambi Gold Bar,9237.00
2025-07-07 20:10:12,1 oz Valcambi Gold Bars,5752.00
2025-07-07 20:10:18,sports gene,25.00
2025-07-08 17:21:30,100g Valcambi Gold Bar,18128.00
2025-07-08 17:21:34,Boox Go Color 7,549
2025-07-08 17:21:38,50g Valcambi Gold Bar,9153.00
2025-07-08 17:21:43,1 oz Valcambi Gold Bars,5699.00
2025-07-08 17:21:49,sports gene,25.00
2025-07-09 17:22:56,100g Valcambi Gold Bar,18173.00
2025-07-09 17:23:00,Boox Go Color 7,549
2025-07-09 17:23:04,50g Valcambi Gold Bar,9176.00
2025-07-09 17:23:09,1 oz Valcambi Gold Bars,5713.00
2025-07-09 17:23:14,sports gene,25.00
2025-07-09 17:23:29,Certina C0364071105001,1881.00
2025-07-09 17:23:33,Колекция Игра на тронове,119.95
2025-07-10 17:23:24,100g Valcambi Gold Bar,18236.00
2025-07-10 17:23:28,Boox Go Color 7,549
2025-07-10 17:23:32,50g Valcambi Gold Bar,9208.00
2025-07-10 17:23:36,1 oz Valcambi Gold Bars,5733.00
2025-07-10 17:23:42,sports gene,25.00
2025-07-10 17:24:05,Certina C0364071105001,1881.00
2025-07-10 17:24:08,Колекция Игра на тронове,119.95
2025-07-11 17:21:53,100g Valcambi Gold Bar,18417.00
2025-07-11 17:21:58,Boox Go Color 7,549
2025-07-11 17:22:02,50g Valcambi Gold Bar,9299.00
2025-07-11 17:22:05,1 oz Valcambi Gold Bars,5790.00
2025-07-11 17:22:12,sports gene,25.00
2025-07-11 17:22:36,Certina C0364071105001,1881.00
2025-07-11 17:22:39,Колекция Игра на тронове,119.95
2025-07-12 17:19:32,100g Valcambi Gold Bar,18444.00
2025-07-12 17:19:35,Boox Go Color 7,549
2025-07-12 17:19:39,50g Valcambi Gold Bar,9313.00
2025-07-12 17:19:44,1 oz Valcambi Gold Bars,5798.00
2025-07-12 17:19:49,sports gene,25.00
2025-07-12 17:20:13,Certina C0364071105001,1881.00
2025-07-12 17:20:17,Колекция Игра на тронове,119.95
2025-07-12 17:20:29,Pocketbook Basic Lux 4,249
2025-07-12 17:20:40,Lenovo M11,399
2025-07-12 17:20:51,Honor X9a,408
2025-07-12 17:21:03,Alienware oled,1623
2025-07-12 17:21:11,Hbada E218 Ergonomic Office Chair,206.99
2025-07-13 17:19:45,100g Valcambi Gold Bar,18444.00
2025-07-13 17:19:49,Boox Go Color 7,549
2025-07-13 17:19:53,50g Valcambi Gold Bar,9313.00
2025-07-13 17:19:57,1 oz Valcambi Gold Bars,5798.00
2025-07-13 17:20:03,sports gene,25.00
2025-07-13 17:20:28,Certina C0364071105001,1881.00
2025-07-13 17:20:31,Колекция Игра на тронове,119.95
2025-07-13 17:20:41,Pocketbook Basic Lux 4,249
2025-07-13 17:20:52,Lenovo M11,399
2025-07-13 17:21:02,Honor X9a,408
2025-07-13 17:21:13,Alienware oled,1623
2025-07-13 17:21:22,Hbada E218 Ergonomic Office Chair,206.99
2025-07-14 17:23:22,100g Valcambi Gold Bar,18450.00
2025-07-14 17:23:26,Boox Go Color 7,549
2025-07-14 17:23:30,50g Valcambi Gold Bar,9315.00
2025-07-14 17:23:34,1 oz Valcambi Gold Bars,5800.00
2025-07-14 17:23:39,sports gene,25.00
2025-07-14 17:24:02,Certina C0364071105001,1881.00
2025-07-14 17:24:04,Колекция Игра на тронове,119.95
2025-07-14 17:24:15,Pocketbook Basic Lux 4,249
2025-07-14 17:24:25,Lenovo M11,399
2025-07-14 17:24:36,Honor X9a,408
2025-07-14 17:24:47,Alienware oled,1623
2025-07-14 17:24:55,Hbada E218 Ergonomic Office Chair,229.99
2025-07-15 17:22:25,100g Valcambi Gold Bar,18455.00
2025-07-15 17:22:29,Boox Go Color 7,549
2025-07-15 17:22:33,50g Valcambi Gold Bar,9318.00
2025-07-15 17:22:37,1 oz Valcambi Gold Bars,5802.00
2025-07-15 17:22:44,sports gene,25.00
2025-07-15 17:23:38,Certina C0364071105001,1881.00
2025-07-15 17:23:42,Колекция Игра на тронове,119.9561.33
2025-07-15 17:23:56,Pocketbook Basic Lux 4,249
2025-07-15 17:24:08,Lenovo M11,399
2025-07-15 17:24:20,Honor X9a,408
2025-07-15 17:24:33,Alienware oled,1623
2025-07-15 17:24:41,Hbada E218 Ergonomic Office Chair,229.99
2025-07-16 17:24:17,100g Valcambi Gold Bar,18482.00
2025-07-16 17:24:20,Boox Go Color 7,549
2025-07-16 17:24:24,50g Valcambi Gold Bar,9332.00
2025-07-16 17:24:28,1 oz Valcambi Gold Bars,5810.00
2025-07-16 17:24:33,sports gene,25.00
2025-07-16 17:25:00,Certina C0364071105001,1881.00
2025-07-16 17:25:04,Колекция Игра на тронове,119.9561.33
2025-07-16 17:25:15,Pocketbook Basic Lux 4,249
2025-07-16 17:25:26,Lenovo M11,399
2025-07-16 17:25:37,Honor X9a,408
2025-07-16 17:25:48,Alienware oled,1623
2025-07-16 17:25:57,Hbada E218 Ergonomic Office Chair,229.99
2025-07-17 17:23:39,100g Valcambi Gold Bar,18516.00
2025-07-17 17:23:42,Boox Go Color 7,549
2025-07-17 17:23:46,50g Valcambi Gold Bar,9349.00
2025-07-17 17:23:50,1 oz Valcambi Gold Bars,5822.00
2025-07-17 17:23:55,sports gene,25.00
2025-07-17 17:24:18,Certina C0364071105001,1881.00
2025-07-17 17:24:21,Колекция Игра на тронове,119.9561.33
2025-07-17 17:24:33,Pocketbook Basic Lux 4,249
2025-07-17 17:24:44,Lenovo M11,399
2025-07-17 17:24:54,Honor X9a,408
2025-07-17 17:25:04,Alienware oled,1623
2025-07-17 17:25:13,Hbada E218 Ergonomic Office Chair,229.99
2025-07-18 17:23:38,100g Valcambi Gold Bar,18526.00
2025-07-18 17:23:42,Boox Go Color 7,549
2025-07-18 17:23:47,50g Valcambi Gold Bar,9354.00
2025-07-18 17:23:51,1 oz Valcambi Gold Bars,5825.00
2025-07-18 17:23:57,sports gene,25.00
2025-07-18 17:24:22,Certina C0364071105001,1881.00
2025-07-18 17:24:25,Колекция Игра на тронове,119.9561.33
2025-07-18 17:24:37,Pocketbook Basic Lux 4,249
2025-07-18 17:24:48,Lenovo M11,399
2025-07-18 17:24:58,Honor X9a,408
2025-07-18 17:25:09,Alienware oled,1623
2025-07-18 17:25:18,Hbada E218 Ergonomic Office Chair,229.99
2025-07-19 17:21:21,100g Valcambi Gold Bar,18519.00
2025-07-19 17:21:25,Boox Go Color 7,549
2025-07-19 17:21:29,50g Valcambi Gold Bar,9350.00
2025-07-19 17:21:32,1 oz Valcambi Gold Bars,5823.00
2025-07-19 17:21:39,sports gene,25.00
2025-07-19 17:22:09,Certina C0364071105001,1881.00
2025-07-19 17:22:12,Колекция Игра на тронове,119.9561.33
2025-07-19 17:22:25,Pocketbook Basic Lux 4,249
2025-07-19 17:22:36,Lenovo M11,399
2025-07-19 17:22:49,Honor X9a,408
2025-07-19 17:23:01,Alienware oled,1623
2025-07-19 17:23:10,Hbada E218 Ergonomic Office Chair,229.99
2025-07-20 17:21:06,100g Valcambi Gold Bar,18519.00
2025-07-20 17:21:10,Boox Go Color 7,549
2025-07-20 17:21:15,50g Valcambi Gold Bar,9350.00
2025-07-20 17:21:19,1 oz Valcambi Gold Bars,5823.00
2025-07-20 17:21:25,sports gene,25.00
2025-07-20 17:21:58,Certina C0364071105001,1881.00
2025-07-20 17:22:02,Колекция Игра на тронове,119.9561.33
2025-07-20 17:22:15,Pocketbook Basic Lux 4,249
2025-07-20 17:22:26,Lenovo M11,399
2025-07-20 17:22:37,Honor X9a,408
2025-07-20 17:22:48,Alienware oled,1623
2025-07-20 17:22:56,Hbada E218 Ergonomic Office Chair,229.99
2025-07-21 17:24:02,100g Valcambi Gold Bar,18648.00
2025-07-21 17:24:06,Boox Go Color 7,549
2025-07-21 17:24:10,50g Valcambi Gold Bar,9415.00
2025-07-21 17:24:14,1 oz Valcambi Gold Bars,5863.00
2025-07-21 17:24:21,sports gene,25.00
2025-07-21 17:24:41,Certina C0364071105001,1881.00
2025-07-21 17:24:44,Колекция Игра на тронове,119.9561.33
2025-07-21 17:24:56,Pocketbook Basic Lux 4,249
2025-07-21 17:25:08,Lenovo M11,399
2025-07-21 17:25:22,Honor X9a,408
2025-07-21 17:25:34,Alienware oled,1623
2025-07-21 17:25:42,Hbada E218 Ergonomic Office Chair,229.99
2025-07-22 17:24:35,100g Valcambi Gold Bar,18761.00
2025-07-22 17:24:39,Boox Go Color 7,549
2025-07-22 17:24:43,50g Valcambi Gold Bar,9473.00
2025-07-22 17:24:47,1 oz Valcambi Gold Bars,5898.00
2025-07-22 17:24:53,sports gene,25.00
2025-07-22 17:25:35,Certina C0364071105001,1881.00
2025-07-22 17:25:39,Колекция Игра на тронове,119.9561.33
2025-07-22 17:26:08,Pocketbook Basic Lux 4,249
2025-07-22 17:27:06,Lenovo M11,399
2025-07-22 17:27:18,Honor X9a,408
2025-07-22 17:27:31,Alienware oled,1623
2025-07-22 17:27:40,Hbada E218 Ergonomic Office Chair,229.99
2025-07-23 17:25:19,100g Valcambi Gold Bar,18502.00
2025-07-23 17:25:23,Boox Go Color 7,549
2025-07-23 17:25:27,50g Valcambi Gold Bar,9342.00
2025-07-23 17:25:30,1 oz Valcambi Gold Bars,5817.00
2025-07-23 17:25:37,sports gene,25.00
2025-07-23 17:26:06,Certina C0364071105001,1881.00
2025-07-23 17:26:10,Колекция Игра на тронове,119.9561.33
2025-07-23 17:26:22,Pocketbook Basic Lux 4,249
2025-07-23 17:26:33,Lenovo M11,399
2025-07-23 17:26:45,Honor X9a,408
2025-07-23 17:27:00,Alienware oled,1623
2025-07-23 17:27:08,Hbada E218 Ergonomic Office Chair,229.99
2025-07-24 17:23:15,100g Valcambi Gold Bar,18393.00
2025-07-24 17:23:19,Boox Go Color 7,549
2025-07-24 17:23:24,50g Valcambi Gold Bar,9287.00
2025-07-24 17:23:28,1 oz Valcambi Gold Bars,5782.00
2025-07-24 17:23:34,sports gene,25.00
2025-07-24 17:24:05,Certina C0364071105001,1881.00
2025-07-24 17:24:09,Колекция Игра на тронове,119.9561.33
2025-07-24 17:24:21,Pocketbook Basic Lux 4,249
2025-07-24 17:24:33,Lenovo M11,399
2025-07-24 17:24:43,Honor X9a,408
2025-07-24 17:24:55,Alienware oled,1623
2025-07-24 17:25:04,Hbada E218 Ergonomic Office Chair,229.99
2025-07-25 17:24:25,100g Valcambi Gold Bar,18252.00
2025-07-25 17:24:29,Boox Go Color 7,549
2025-07-25 17:24:33,50g Valcambi Gold Bar,9215.00
2025-07-25 17:24:37,1 oz Valcambi Gold Bars,5738.00
2025-07-25 17:24:43,sports gene,25.00
2025-07-25 17:25:17,Certina C0364071105001,1881.00
2025-07-25 17:25:20,Колекция Игра на тронове,119.9561.33
2025-07-25 17:25:32,Pocketbook Basic Lux 4,249
2025-07-25 17:25:43,Lenovo M11,399
2025-07-25 17:25:54,Honor X9a,408
2025-07-25 17:26:05,Alienware oled,1623
2025-07-25 17:26:14,Hbada E218 Ergonomic Office Chair,229.99
2025-07-26 17:22:56,100g Valcambi Gold Bar,18267.00
2025-07-26 17:22:59,Boox Go Color 7,549
2025-07-26 17:23:03,50g Valcambi Gold Bar,9223.00
2025-07-26 17:23:07,1 oz Valcambi Gold Bars,5743.00
2025-07-26 17:23:12,sports gene,25.00
2025-07-26 17:23:46,Certina C0364071105001,1881.00
2025-07-26 17:23:49,Колекция Игра на тронове,119.9561.33
2025-07-26 17:24:01,Pocketbook Basic Lux 4,249
2025-07-26 17:24:12,Lenovo M11,399
2025-07-26 17:24:23,Honor X9a,408
2025-07-26 17:24:34,Alienware oled,1623
2025-07-26 17:24:43,Hbada E218 Ergonomic Office Chair,229.99
2025-07-27 17:22:04,100g Valcambi Gold Bar,18267.00
2025-07-27 17:22:09,Boox Go Color 7,549
2025-07-27 17:22:13,50g Valcambi Gold Bar,9223.00
2025-07-27 17:22:16,1 oz Valcambi Gold Bars,5743.00
2025-07-27 17:22:22,sports gene,25.00
2025-07-27 17:22:43,Certina C0364071105001,1881.00
2025-07-27 17:22:47,Колекция Игра на тронове,119.9561.33
2025-07-27 17:22:59,Pocketbook Basic Lux 4,249
2025-07-27 17:23:11,Lenovo M11,399
2025-07-27 17:23:22,Honor X9a,408
2025-07-27 17:23:33,Alienware oled,1623
2025-07-27 17:23:42,Hbada E218 Ergonomic Office Chair,229.99
2025-07-28 17:25:18,100g Valcambi Gold Bar,18333.00
2025-07-28 17:25:22,Boox Go Color 7,549
2025-07-28 17:25:25,50g Valcambi Gold Bar,9256.00
2025-07-28 17:25:29,1 oz Valcambi Gold Bars,5763.00
2025-07-28 17:25:36,sports gene,25.00
2025-07-28 17:26:02,Certina C0364071105001,1881.00
2025-07-28 17:26:05,Колекция Игра на тронове,119.9561.33
2025-07-28 17:26:16,Pocketbook Basic Lux 4,249
2025-07-28 17:26:27,Lenovo M11,399
2025-07-28 17:26:37,Honor X9a,408
2025-07-28 17:26:48,Alienware oled,1623
2025-07-28 17:26:57,Hbada E218 Ergonomic Office Chair,229.99
2025-07-29 17:25:36,100g Valcambi Gold Bar,18505.00
2025-07-29 17:25:40,Boox Go Color 7,549
2025-07-29 17:25:43,50g Valcambi Gold Bar,9343.00
2025-07-29 17:25:47,1 oz Valcambi Gold Bars,5818.00
2025-07-29 17:25:53,sports gene,25.00
2025-07-29 17:26:24,Certina C0364071105001,1881.00
2025-07-29 17:26:27,Колекция Игра на тронове,119.9561.33
2025-07-29 17:26:42,Pocketbook Basic Lux 4,249
2025-07-29 17:26:53,Lenovo M11,399
2025-07-29 17:27:06,Honor X9a,408
2025-07-29 17:27:19,Alienware oled,1868
2025-07-29 17:27:28,Hbada E218 Ergonomic Office Chair,229.99
2025-07-29 17:27:42,BOOX Go Color7 Gen II,529
2025-07-30 17:25:34,100g Valcambi Gold Bar,18462.00
2025-07-30 17:25:38,Boox Go Color 7,549
2025-07-30 17:25:42,50g Valcambi Gold Bar,9321.00
2025-07-30 17:25:45,1 oz Valcambi Gold Bars,5804.00
2025-07-30 17:25:52,sports gene,25.00
2025-07-30 17:26:42,Certina C0364071105001,1881.00
2025-07-30 17:26:45,Колекция Игра на тронове,119.9561.33
2025-07-30 17:26:58,Pocketbook Basic Lux 4,249
2025-07-30 17:27:10,Lenovo M11,399
2025-07-30 17:27:24,Honor X9a,408
2025-07-30 17:27:35,Alienware oled,1868
2025-07-30 17:27:44,Hbada E218 Ergonomic Office Chair,229.99
2025-07-30 17:27:56,BOOX Go Color7 Gen II,529
2025-07-31 17:24:18,100g Valcambi Gold Bar,18548.00
2025-07-31 17:24:21,Boox Go Color 7,549
2025-07-31 17:24:25,50g Valcambi Gold Bar,9365.00
2025-07-31 17:24:29,1 oz Valcambi Gold Bars,5832.00
2025-07-31 17:24:35,sports gene,25.00
2025-07-31 17:25:02,Certina C0364071105001,1985.00
2025-07-31 17:25:05,Колекция Игра на тронове,119.9561.33
2025-07-31 17:27:45,Hbada E218 Ergonomic Office Chair,229.99
2025-08-01 17:25:15,100g Valcambi Gold Bar,18665.00
2025-08-01 17:25:19,Boox Go Color 7,549
2025-08-01 17:25:23,50g Valcambi Gold Bar,9424.00
2025-08-01 17:25:27,1 oz Valcambi Gold Bars,5868.00
2025-08-01 17:25:34,sports gene,25.00
2025-08-01 17:26:01,Certina C0364071105001,1985.00
2025-08-01 17:26:05,Колекция Игра на тронове,119.9561.33
2025-08-01 17:26:17,Pocketbook Basic Lux 4,249
2025-08-01 17:26:28,Lenovo M11,399
2025-08-01 17:26:40,Honor X9a,408
2025-08-01 17:26:51,Alienware oled,1868
2025-08-01 17:27:00,Hbada E218 Ergonomic Office Chair,229.99
2025-08-01 17:27:12,BOOX Go Color7 Gen II,519
2025-08-02 17:20:58,100g Valcambi Gold Bar,18651.00
2025-08-02 17:21:02,Boox Go Color 7,549
2025-08-02 17:21:06,50g Valcambi Gold Bar,9416.00
2025-08-02 17:21:09,1 oz Valcambi Gold Bars,5864.00
2025-08-02 17:21:15,sports gene,25.00
2025-08-02 17:22:14,Certina C0364071105001,1985.00
2025-08-02 17:22:17,Колекция Игра на тронове,119.9561.33
2025-08-02 17:22:29,Pocketbook Basic Lux 4,249
2025-08-02 17:22:40,Lenovo M11,399
2025-08-02 17:22:51,Honor X9a,408
2025-08-02 17:23:01,Alienware oled,1868
2025-08-02 17:23:09,Hbada E218 Ergonomic Office Chair,229.99
2025-08-02 17:23:20,BOOX Go Color7 Gen II,519
2025-08-03 17:21:44,100g Valcambi Gold Bar,18651.00
2025-08-03 17:21:47,Boox Go Color 7,549
2025-08-03 17:21:52,50g Valcambi Gold Bar,9416.00
2025-08-03 17:21:56,1 oz Valcambi Gold Bars,5864.00
2025-08-03 17:22:02,sports gene,25.00
2025-08-03 17:22:29,Certina C0364071105001,1985.00
2025-08-03 17:22:32,Колекция Игра на тронове,119.9561.33
2025-08-03 17:22:44,Pocketbook Basic Lux 4,249
2025-08-03 17:22:54,Lenovo M11,399
2025-08-03 17:23:04,Honor X9a,408
2025-08-03 17:23:15,Alienware oled,1868
2025-08-03 17:23:24,Hbada E218 Ergonomic Office Chair,229.99
2025-08-03 17:23:34,BOOX Go Color7 Gen II,519
2025-08-04 17:27:28,100g Valcambi Gold Bar,18726.00
2025-08-04 17:27:31,Boox Go Color 7,549
2025-08-04 17:27:35,50g Valcambi Gold Bar,9455.00
2025-08-04 17:27:39,1 oz Valcambi Gold Bars,5888.00
2025-08-04 17:27:45,sports gene,25.00
2025-08-04 17:28:09,Certina C0364071105001,1985.00
2025-08-04 17:28:12,Колекция Игра на тронове,119.9561.33
2025-08-04 17:28:23,Pocketbook Basic Lux 4,249
2025-08-04 17:28:33,Lenovo M11,399
2025-08-04 17:28:43,Honor X9a,408
2025-08-04 17:28:54,Alienware oled,1868
2025-08-04 17:29:03,Hbada E218 Ergonomic Office Chair,229.99
2025-08-04 17:29:13,BOOX Go Color7 Gen II,519
2025-08-05 17:23:49,100g Valcambi Gold Bar,18760.00
2025-08-05 17:23:53,Boox Go Color 7,549
2025-08-05 17:23:56,50g Valcambi Gold Bar,9472.00
2025-08-05 17:24:00,1 oz Valcambi Gold Bars,5898.00
2025-08-05 17:24:07,sports gene,25.00
2025-08-05 17:24:28,Certina C0364071105001,1985.00
2025-08-05 17:24:31,Колекция Игра на тронове,119.9561.33
2025-08-05 17:24:44,Pocketbook Basic Lux 4,249
2025-08-05 17:24:55,Lenovo M11,399
2025-08-05 17:25:06,Honor X9a,408
2025-08-05 17:25:18,Alienware oled,1620
2025-08-05 17:25:27,Hbada E218 Ergonomic Office Chair,229.99
2025-08-05 17:25:39,BOOX Go Color7 Gen II,519
2025-08-06 17:25:47,100g Valcambi Gold Bar,18627.00
2025-08-06 17:25:51,Boox Go Color 7,549
2025-08-06 17:25:55,50g Valcambi Gold Bar,9405.00
2025-08-06 17:26:00,1 oz Valcambi Gold Bars,5857.00
2025-08-06 17:26:06,sports gene,25.00
2025-08-06 17:26:32,Certina C0364071105001,1985.00
2025-08-06 17:26:35,Колекция Игра на тронове,119.9561.33
2025-08-06 17:27:16,Pocketbook Basic Lux 4,0055381587105537022020553753003055375314055372324505537798605537971705537796838055374559055374631100553812271105538126541205538109291305538127178140553806150553814781605538140561705538159618079094190791293
2025-08-06 17:27:27,Lenovo M11,399
2025-08-06 17:27:37,Honor X9a,408
2025-08-06 17:28:18,Alienware oled,0055032871055032893202055032840030550328414055032933324505503290860550329307170550329068380550328659055032873110055032371105503275412055032929130550328178140550327615055032781605503205617055032961807516941907517293
2025-08-06 17:28:27,Hbada E218 Ergonomic Office Chair,229.99
2025-08-06 17:29:07,BOOX Go Color7 Gen II,0056548161871056548104202056548111500305654811151405654811643245056548113860565481161717056548113683805654811075905654811083110056548154711056548158541205654815291305654815917814056548156150565481607816056548160056170565481619618076894190768293
2025-08-07 17:25:31,100g Valcambi Gold Bar,18692.00
2025-08-07 17:25:35,Boox Go Color 7,549
2025-08-07 17:25:39,50g Valcambi Gold Bar,9438.00
2025-08-07 17:25:42,1 oz Valcambi Gold Bars,5877.00
2025-08-07 17:25:49,sports gene,25.00
2025-08-07 17:26:20,Certina C0364071105001,1985.001014.91
2025-08-07 17:26:24,Колекция Игра на тронове,119.9561.33
2025-08-07 17:27:06,Pocketbook Basic Lux 4,00555260348710555259202055525200305552521405552579324505552550860555257671705552550683805552515905552513110055525971105552554120555250291305552517814055525461505552602178160555260220561705552603396180706159419070615293
2025-08-07 17:27:16,Lenovo M11,399
2025-08-07 17:27:26,Honor X9a,408
2025-08-07 17:28:07,Alienware oled,005517187105517162020551767003055176714055176324505517886055173717055178683805517595905517531100551367110551354120551129130551317814055101615055157816055150561705517096180741049419074105293
2025-08-07 17:28:15,Hbada E218 Ergonomic Office Chair,229.99
2025-08-07 17:28:56,BOOX Go Color7 Gen II,005591198871055911422020559114800030559114801405591143245055911468605591147170559114668380559114725905591147331100559119471105591195354120559119362913055911954178140559119161505591197778160559119780561705591198996180723149419072315293
2025-08-08 17:19:48,100g Valcambi Gold Bar,18732.00
2025-08-08 17:19:52,Boox Go Color 7,549
2025-08-08 17:19:54,50g Valcambi Gold Bar,9458.00
2025-08-08 17:19:58,1 oz Valcambi Gold Bars,5889.00
2025-08-08 17:20:04,sports gene,25.00
2025-08-08 17:20:30,Certina C0364071105001,1985.001014.91
2025-08-08 17:20:34,Колекция Игра на тронове,119.9561.33
2025-08-08 17:21:17,Pocketbook Basic Lux 4,00555158710555156602020555156100305551561140555157003245055515678605551567170555156768380555156359055515643110055515807110555158454120555156729130555158517814055515461505551587816055515905617055515961807904941907905293
2025-08-08 17:21:58,Lenovo M11,0056021518871056020202056021000030560210014056021053245056021034860560210571705602103468380560210005905602100131100560214711056021415412056021442913056021421781405602148615056021505781605602150605617056021517961807098941907099293
2025-08-08 17:22:38,Honor X9a,0055860887105586089712020558608920030558608921405586081132450558608988605586080717055860898683805586089459055860895311005586089171105586089554120558608782913055860896178140558608561505586089781605586080561705586089618072194190721293
2025-08-08 17:23:19,Alienware oled,005635165871056351020205635150030563515140563513245056351818605635177170563518168380563514590563514311005635127110563512541205635111291305635121781405635156150563515278160563515305617056351649618078079894190780799293
2025-08-08 17:23:27,Hbada E218 Ergonomic Office Chair,229.99
2025-08-08 17:24:09,BOOX Go Color7 Gen II,00553678787105536752202055367570030553675714055367532450553675386055367597170553675368380553675659055367570311005536747110553675054120553673329130553675117814055367176150553677478160553677505617055367869618077094190770293
2025-08-09 17:20:00,100g Valcambi Gold Bar,18760.00
2025-08-09 17:20:03,Boox Go Color 7,549
2025-08-09 17:20:07,50g Valcambi Gold Bar,9472.00
2025-08-09 17:20:11,1 oz Valcambi Gold Bars,5898.00
2025-08-09 17:20:17,sports gene,25.00
2025-08-09 17:20:49,Certina C0364071105001,1985.001014.91
2025-08-09 17:20:52,Колекция Игра на тронове,119.9561.33
2025-08-09 17:21:33,Pocketbook Basic Lux 4,00564061121056400855020564010003056401021405640158545056401260564015596705640129938056400690564001411005640562110564050912056405139130564056814056405160150564051816056405361705640610561807072941907073293
2025-08-09 17:22:13,Lenovo M11,0056210721056209550205620000305620021405620354505620156056203967056201599380562016905620314110056210211056210009120562103139130562100681405621087601505621051816056210536170562106561807941907293
2025-08-09 17:22:53,Honor X9a,00555133210555165502055513800305551382140555186545055515605551839670555159938055512969055512141100555130421105551308091205551213913055513086814055512601505551321816055513236170555133561807680941907681293
2025-08-09 17:23:35,Alienware oled,00554408812105544032855020554403700305544037214055440385450554403960554403596705544039993805544036690554403614110055440846211055440840912055440821391305544084681405544081160150554408618160554408636170554408805618076494190764293
2025-08-09 17:23:44,Hbada E218 Ergonomic Office Chair,229.99
2025-08-09 17:24:25,BOOX Go Color7 Gen II,00550210554155020555030030555032140555515450555286055549670555289938055446905546141100559211055930912055961391305593681405599601505598181605598361705509561807510941907511293
2025-08-10 17:19:46,100g Valcambi Gold Bar,18760.00
2025-08-10 17:19:50,Boox Go Color 7,549
2025-08-10 17:19:54,50g Valcambi Gold Bar,9472.00
2025-08-10 17:19:58,1 oz Valcambi Gold Bars,5898.00
2025-08-10 17:20:01,sports gene,25.00
2025-08-10 17:20:33,Certina C0364071105001,1985.001014.91
2025-08-10 17:20:36,Колекция Игра на тронове,119.9561.33
2025-08-10 17:21:18,Pocketbook Basic Lux 4,0055927042105592695502055926003055926214055926354505592612605592638967055926129938055926690559260141100559270921105592700912055927001391305592706814055927084601505592702181605592702361705592703561807880941907881293
2025-08-10 17:21:59,Lenovo M11,00565229801210565229285502056522920030565229221405652293485450565229316056522934596705652293199380565229269056522921411005652297621105652297091205652297139130565229768140565229791601505652297181605652297361705652298005618077694190776293
2025-08-10 17:22:41,Honor X9a,0056099172105609965502056099710003056099710214056099755450560997356056099759670560997359938056099701690560997031411005609921105609900912056099313913056099068140560997601505609905181605609905361705609916561807780941907781293
2025-08-10 17:23:22,Alienware oled,005608962210560896465502056089652800305608965282140560896576545056089654605608965739670560896549938056089651969056089651141100560896942110560896980912056089691391305608969868140560896960150560896118160560896136170560896256180763289419076329293
2025-08-10 17:23:31,Hbada E218 Ergonomic Office Chair,229.99
2025-08-10 17:24:12,BOOX Go Color7 Gen II,00551657210551609550205516000030551600214055161354505516115605516139670551611599380551601690551603141100551652110551650091205516531391305516506814055165876015055165518160551655361705516565618075294190752293
2025-08-11 17:23:40,100g Valcambi Gold Bar,18509.00
2025-08-11 17:23:44,Boox Go Color 7,549
2025-08-11 17:23:48,50g Valcambi Gold Bar,9345.00
2025-08-11 17:23:52,1 oz Valcambi Gold Bars,5819.00
2025-08-11 17:23:58,sports gene,25.00
2025-08-11 17:24:24,Certina C0364071105001,1985.001014.91
2025-08-11 17:24:27,Колекция Игра на тронове,119.9561.33
2025-08-11 17:25:08,Pocketbook Basic Lux 4,00562520412105625135502056251150030562511521405625163545056251360562516096705625139938056251066905625108141100562520312110562520350912056252038139130562520356814056252036015056252040181605625204036170562520415618073744094190737441293
2025-08-11 17:25:49,Lenovo M11,005630996021056309901550205630991030030563099103214056309915154505630991286056309914967056309912899380563099046905630990614110056309952110563099530912056309956139130563099536814056309959601505630995818160563099583617056309960956180719419071293
2025-08-11 17:26:31,Honor X9a,00555671252105556655020555661003055566121405556665450555664360555666996705556643993805556606905556611141100555670211055567009120555670113913055567068140555670560150555671131816055567113361705556712456180705189419070518293
2025-08-11 17:27:12,Alienware oled,005512105584550205591600305591621405596454505593605596196705593993805590769055909141100552211055609120559139130556681405560150550181605503617055156180783259419078325293
2025-08-11 17:27:21,Hbada E218 Ergonomic Office Chair,229.99
2025-08-11 17:28:02,BOOX Go Color7 Gen II,0055021055993550205595003055952140559335450559060559309670559099380559669055981411005501211055050912055098139130550568140550760150550181605503617055056180747189419074719293
2025-08-11 19:05:26,100g Valcambi Gold Bar,18563.00
2025-08-11 19:05:30,Boox Go Color 7,549
2025-08-11 19:05:34,50g Valcambi Gold Bar,9372.00
2025-08-11 19:05:37,1 oz Valcambi Gold Bars,5836.00
2025-08-11 19:05:44,sports gene,25.00
2025-08-11 19:06:06,Certina C0364071105001,1985.001014.91
2025-08-11 19:06:10,Колекция Игра на тронове,119.9561.33
2025-08-11 19:06:50,Pocketbook Basic Lux 4,00563221056374955020563790030563792140563795450563706056376967056370993805637869056378141100563672110563609120563413913056366814056332601505639018160563903617056315618075894190758293
2025-08-11 19:07:31,Lenovo M11,005602866392105602860055020560286132003056028613221405602861805450560286157605602861796705602861579938056028612369056028612514110056028652110560286602091205602865513913056028660268140560286596015056028662718160560286627361705602866385618077294190773293
2025-08-11 19:08:11,Honor X9a,0056100978921056100923055020561009282003056100928221405610092054505610092760561009296705610092799380561009273690561009275141100561009742110561009752091205610097351391305610097526814056100971960150561009777181605610097773617056100978856180715529419071552293
2025-08-11 19:08:52,Alienware oled,0055953932105595935502055959800305595982140559595450559591605595979670559591993805595976905595971411005595358211055953509120559533139130559535681405595323601505595381181605595381361705595392561807396941907397293
2025-08-11 19:09:01,Hbada E218 Ergonomic Office Chair,229.99
2025-08-11 19:09:42,BOOX Go Color7 Gen II,005570921055704555020557097003055709721405570554505570605570296705570993805570886905570814110055706321105570670912055704139130557067681405570260150557081816055708361705570956180712109419071211293
2025-08-12 17:22:34,100g Valcambi Gold Bar,18431.00
2025-08-12 17:22:38,Boox Go Color 7,549
2025-08-12 17:22:43,50g Valcambi Gold Bar,9306.00
2025-08-12 17:22:48,1 oz Valcambi Gold Bars,5794.00
2025-08-12 17:22:54,sports gene,25.00
2025-08-12 17:23:22,Certina C0364071105001,1985.001014.91
2025-08-12 17:23:25,Колекция Игра на тронове,119.9561.33
2025-08-12 17:24:07,Pocketbook Basic Lux 4,0055688371210556883518550205568835600305568835621405568835854505568835860556883559670556883589938055688355690556883551411005568833621105568833091205568831139130556883368140556883016015055688351816055688353617055688370561807960941907961293
2025-08-12 17:24:48,Lenovo M11,0055897921055897805502055897200305589722140558972054505589776055897196705589779938055897369055897514110055897921105589720912055897851391305589726814055897696015055897718160558977361705589785618078594190785293
2025-08-12 17:25:29,Honor X9a,0055732421055755020557100305571214055765450557426055768967055742993805570690557101411005572921105572091205572013913055726814055724601505573121816055731236170557323561807139941907139293
2025-08-12 17:26:10,Alienware oled,00558466210558411355020558416500305584165214055841354505584186055841096705584189938055841566905584158141100558463121105584635091205584618139130558463568140558456015055846518160558465361705584665618077094190771293
2025-08-12 17:26:18,Hbada E218 Ergonomic Office Chair,229.99
2025-08-12 17:26:59,BOOX Go Color7 Gen II,005573849421055738433550205573844450030557384445214055738449354505573844660557384490967055738446993805573844366905573844381411005573849112110557384915091205573848813913055738491568140557384860150557384931816055738493361705573849456180767389419076739293
2025-08-13 17:19:08,100g Valcambi Gold Bar,18428.00
2025-08-13 17:19:12,Boox Go Color 7,549
2025-08-13 17:19:16,50g Valcambi Gold Bar,9304.00
2025-08-13 17:19:20,1 oz Valcambi Gold Bars,5793.00
2025-08-13 17:19:26,sports gene,25.00
2025-08-13 17:19:54,Certina C0364071105001,1985.001014.91
2025-08-13 17:20:00,Колекция Игра на тронове,119.9561.33
2025-08-13 17:20:41,Pocketbook Basic Lux 4,005553792105553270550205553220030555322214055533105450555327605553309670555327993805553236905553251411005553782110555379209120555377513913055537926814055537596015055537718160555377361705553785618070849094190708491293
2025-08-13 17:21:23,Lenovo M11,005536121055303550205531150030553115214055316354505531360553160967055313993805531066905531081411005535121105535509120553581391305535568140553560150553601816055360361705536156180715399419071539293
2025-08-13 17:22:04,Honor X9a,00550874421055086455020550869003055086921405508654505508626055086896705508629938055086869055086901411005508746921105508746091205508745013913055087466814055087434601505508749218160550874923617055087435618071826694190718267293
2025-08-13 17:22:47,Alienware oled,00559587112105595818550205595820003055958202140559582585450559582260559582559670559582299380559581690559581141100559586621105595860912055958613913055958668140559586160150559586181605595863617055958710561807060941907060293
2025-08-13 17:22:56,Hbada E218 Ergonomic Office Chair,229.99
2025-08-13 17:23:43,BOOX Go Color7 Gen II,005633718821056337134550205633713100305633713121405633713545056337136605633713967056337136993805633713926905633713941411005633718621105633718710912056337185413913056337187168140563371838601505633718961816056337189636170563371875618076894190769293
2025-08-14 17:21:19,100g Valcambi Gold Bar,18414.00
2025-08-14 17:21:23,Boox Go Color 7,549
2025-08-14 17:21:27,50g Valcambi Gold Bar,9297.00
2025-08-14 17:21:31,1 oz Valcambi Gold Bars,5789.00
2025-08-14 17:21:37,sports gene,25.00
2025-08-14 17:22:10,Certina C0364071105001,1985.001014.91
2025-08-14 17:22:14,Колекция Игра на тронове,119.9561.33
2025-08-14 17:22:56,Pocketbook Basic Lux 4,0055686752105568115502055681600305568162140556815450556819360556819967055681939938055681569055681611411005568632110556863091205568621139130556863681405568605601505568663181605568663361705568674561807190941907191293
2025-08-14 17:23:37,Lenovo M11,00562952105623550205628003056282140562545056236056299670562399380562769056281141100562521105625091205624113913056256814056225601505628318160562833617056294561807218941907218293
2025-08-14 17:24:18,Honor X9a,005634821056348550205634100305634121405634254505634066056342967056340699380563426905634414110056342110563410912056349413913056341681405634786015056346181605634636170563475618078755894190787559293
2025-08-14 17:24:59,Alienware oled,005601521056015581550205601553003056015532140560156215450560155860560156196705601558993805601554690560155614110056015921105601530912056015861391305601536814056015660150560158181605601583617056015956180788949419078895293
2025-08-14 17:25:08,Hbada E218 Ergonomic Office Chair,229.99
2025-08-14 17:25:49,BOOX Go Color7 Gen II,00558051392105580405502055804320030558043221405580480545055804576055804796705580457993805580423690558042514110055805021105580510209120558050513913055805102681405580509601505580512718160558051273617055805138561807919941907919293
2025-08-15 17:20:54,100g Valcambi Gold Bar,18308.00
2025-08-15 17:20:58,Boox Go Color 7,549
2025-08-15 17:21:03,50g Valcambi Gold Bar,9249.00
2025-08-15 17:21:11,1 oz Valcambi Gold Bars,5759.00
2025-08-15 17:21:17,sports gene,25.00
2025-08-15 17:21:47,Certina C0364071105001,1985.001014.91
2025-08-15 17:21:52,Колекция Игра на тронове,119.9561.33
2025-08-15 17:22:33,Pocketbook Basic Lux 4,00558831470510558826702055882389073055882380140558828654505588254060558828414705588251380558822599055882297110055883102211055883107912055883033091305588311028140558830715055883134081605588313426170558831460361807222941907222293
2025-08-15 17:23:14,Lenovo M11,005624305105624672702056246490730562464014056247125450562464060562471014705624613805624665990562467971100562498221105624979120562473091305624928140562463150562400816056240261705624203618077494190775293
2025-08-15 17:23:55,Honor X9a,005551748051055516777020555169907305551690140555170175450555164060555170151470555161380555165990555169711005551749221105551740791205551748430913055517412814055517468150555174508160555174526170555174703618071031694190710317293
2025-08-15 17:24:38,Alienware oled,0055551051055558970205555909073055559001405555959545055559314060555595714705555931138055558599055558971100555522110555527912055556309130555532814055551505555070816055550726170555519036180779419077293
2025-08-15 17:24:47,Hbada E218 Ergonomic Office Chair,229.99
2025-08-15 17:25:28,BOOX Go Color7 Gen II,005626127505105626126147020562612666907305626126660140562612645450562612684060562612621470562612681380562612658599056261265997110056261232211056261237912056261221309130562612328140562612051505626126208160562612622617056261274036180726789419072679293
2025-08-16 17:18:36,100g Valcambi Gold Bar,18319.00
2025-08-16 17:18:39,Boox Go Color 7,549
2025-08-16 17:18:43,50g Valcambi Gold Bar,9249.00
2025-08-16 17:18:47,1 oz Valcambi Gold Bars,5759.00
2025-08-16 17:18:55,sports gene,25.00
2025-08-16 17:19:19,Certina C0364071105001,1985.001014.91
2025-08-16 17:19:22,Колекция Игра на тронове,119.9561.33
2025-08-16 17:20:04,Pocketbook Basic Lux 4,005507390510550637020550689073055068014055065450550624060550681470550621380550675990550679711005507360221105507363791205507347309130550736428140550732150550738808160550738826170550739036180759769419075977293
2025-08-16 17:20:46,Lenovo M11,005622795205105622731702056227443907305622744301405622749154505622746940605622748147056227469138056227435599056227436971100562279172211056227917912056227830913056227912814056227821505622793081605622793261705622795103618079573494190795735293
2025-08-16 17:21:27,Honor X9a,005633030051056337702056331907305633101405633154505633740605633114705633713805633359905633497110056330352211056330387912056330383091305633039281405633037015056330308160563303261705633030361807976941907977293
2025-08-16 17:22:08,Alienware oled,00559706051055970177020559701907305597010140559702154505597014406055970211470559701413805597010599055970119711005597062221105597065791205597068930913055970662814055970661505597060816055970626170559706036180722309419072231293
2025-08-16 17:22:16,Hbada E218 Ergonomic Office Chair,229.99
2025-08-16 17:22:57,BOOX Go Color7 Gen II,0055809505105580534702055805869073055805860140558054545055805406055805214705580513805580578599055805799711005580522110558057912055804130913055805281405580251505580820816055808226170558094036180741729419074173293
2025-08-17 17:19:43,100g Valcambi Gold Bar,18319.00
2025-08-17 17:19:47,Boox Go Color 7,549
2025-08-17 17:19:50,50g Valcambi Gold Bar,9249.00
2025-08-17 17:19:54,1 oz Valcambi Gold Bars,5759.00
2025-08-17 17:20:00,sports gene,25.00
2025-08-17 17:20:26,Certina C0364071105001,1985.001014.91
2025-08-17 17:20:30,Колекция Игра на тронове,119.9561.33
2025-08-17 17:21:11,Pocketbook Basic Lux 4,005574898805105574893270205574893790730557489370140557489354505574893540605574893147055748935138055748937159905574893729711005574898532211055748985679120557489833091305574898572814055748981150557489870816055748987261705574898803618078694190787293
2025-08-17 17:21:52,Lenovo M11,005519112051055181702055180390730551803014055185154505518294060551841470551829138055185599055186971100551907221105519079120551903091305519028140551902150551900816055190261705519111036180737459419073745293
2025-08-17 17:22:33,Honor X9a,00553122051055311870205531190730553110140553112545055311024060553112814705531102138055311599055311971100553122022110553122379120553122973091305531224281405531227150553122808160553122826170553122036180731529419073153293
2025-08-17 17:23:14,Alienware oled,0055700847051055700267020557003389073055700338014055700386545055700354060557003841470557003513805570032599055700329711005570080221105570080791205570073309130557008102814055700771505570083408160557008342617055700846036180774869419077487293
2025-08-17 17:23:22,Hbada E218 Ergonomic Office Chair,229.99
2025-08-17 17:24:03,BOOX Go Color7 Gen II,005653190510565313702056531890730565318014056531545056531340605653191470565313138056531759905653180971100565316122110565316479120565314830913056531652814056531215056531890816056531892617056531903618073894190739293
2025-08-18 17:23:29,100g Valcambi Gold Bar,18369.00
2025-08-18 17:23:32,Boox Go Color 7,549
2025-08-18 17:23:36,50g Valcambi Gold Bar,9274.00
2025-08-18 17:23:40,1 oz Valcambi Gold Bars,5774.00
2025-08-18 17:23:45,sports gene,25.00
2025-08-18 17:24:08,Certina C0364071105001,1985.001014.91
2025-08-18 17:24:12,Колекция Игра на тронове,119.9561.33
2025-08-18 17:24:52,Pocketbook Basic Lux 4,005628821305105628727020562870490730562870401405628752545056287240605628750147056287213805628765990562877971100562881822110562881791205628813091305628812814056288131505628820008160562882002617056288212036180732829419073283293
2025-08-18 17:25:33,Lenovo M11,005505480510550545297020550545790730550545701405505459545055054514060550545714705505451138055054565990550545697110055054422110550545279120550543630913055054532814055054115055054770816055054772617055054890361807404941907405293
2025-08-18 17:26:14,Honor X9a,00555121805105550770205550099073055500901405550575450555024060555055147055502138055505990555097110055511221105551107912055511430913055511128140555118150555120508160555120526170555121703618073783094190737831293
2025-08-18 17:26:54,Alienware oled,005600970205105600911702056009139073056009130140560092415450560092194060560092314705600921913805600915599056009169711005600967221105600967912056009630913056009628140560096921505600960816056009626170560097010361807096941907097293
2025-08-18 17:27:03,Hbada E218 Ergonomic Office Chair,229.99
2025-08-18 17:27:44,BOOX Go Color7 Gen II,0055105105518797020551890730551801405519195450551814060551917147055181138055185990551897110055192211055127912055186309130551328140551615055170816055172617055190361807638941907639293
2025-08-19 17:20:19,100g Valcambi Gold Bar,18286.00
2025-08-19 17:20:23,Boox Go Color 7,549
2025-08-19 17:20:27,50g Valcambi Gold Bar,9232.00
2025-08-19 17:20:31,1 oz Valcambi Gold Bars,5748.00
2025-08-19 17:20:37,sports gene,25.00
2025-08-19 17:20:57,Certina C0364071105001,1985.001014.91
2025-08-19 17:21:00,Колекция Игра на тронове,119.9561.33
2025-08-19 17:21:42,Pocketbook Basic Lux 4,00561571051056156870205615609073056156001405615625450561560640605615621470561560613805615625990561563971100561571422110561571779120561571930913056157182814056157171505615710816056157126170561571036180730509419073051293
2025-08-19 17:22:22,Lenovo M11,00557874305105578127020557823490730557823401405578282545055782540605578280147055782513805578226599055782279711005578708221105578707912055786309130557870281405578631505578730081605578730261705578742036180756949419075695293
2025-08-19 17:23:03,Honor X9a,0056249270510562492946702056249299890730562492998014056249296545056249294060562492941470562492913805624929859905624929897110056249262211056249267912056249253309130562492702814056249237150562492940816056249294261705624926036180720329419072033293
2025-08-19 17:23:44,Alienware oled,0055660630510556602702055665490730556654014055662545055667406055660147055667138055664659905566479711005566028221105566027912055660030913055660228140556631505566050081605566050261705566062036180701869419070187293
2025-08-19 17:23:53,Hbada E218 Ergonomic Office Chair,229.99
2025-08-19 17:24:33,BOOX Go Color7 Gen II,0056257500510562579702056257419073056257410140562578545056257674060562578147056257671380562573359905625734971100562571522110562571879120562573091305625719281405625701505625730816056257326170562574036180799109419079911293
2025-08-20 17:20:18,100g Valcambi Gold Bar,18434.00
2025-08-20 17:20:21,Boox Go Color 7,549
2025-08-20 17:20:26,50g Valcambi Gold Bar,9307.00
2025-08-20 17:20:29,1 oz Valcambi Gold Bars,5795.00
2025-08-20 17:20:35,sports gene,25.00
2025-08-20 17:20:58,Certina C0364071105001,1985.001014.91
2025-08-20 17:21:01,Колекция Игра на тронове,119.9561.33
2025-08-20 17:21:43,Pocketbook Basic Lux 4,005601590510560156370205601568907305601568014056015654505601562406056015681470560156213805601567599056015679711005601560221105601563791205601547309130560156428140560152150560158808160560158826170560159036180749419074293
2025-08-20 17:22:23,Lenovo M11,005635696051056356916970205635691907305635691014056356920954505635691140605635692071470563569111380563569159905635691971100563569682211056356969279120563569676309130563569693281405635696515056356967081605635696726170563569690361807742941907743293
2025-08-20 17:23:04,Honor X9a,005574160510557411870205574119073055741101405574122545055741202406055741228147055741202138055741159905574119711005574160221105574163791205574169730913055741642814055741671505574168081605574168261705574160361807466941907467293
2025-08-20 17:23:45,Alienware oled,005570680051055701170205570171907305570171014055701545055701974060557011470557019713805570163599055701649711005570645221105570648791205570623091305570649281405570610150557066081605570662617055706703618072086894190720869293
2025-08-20 17:23:53,Hbada E218 Ergonomic Office Chair,229.99
2025-08-20 17:24:34,BOOX Go Color7 Gen II,0055827205105582170205582219073055822101405582265450558224340605582269147055822431380558220599055822109711005582612211055826479120558268309130558265281405582615055827190816055827192617055827203618075194190751293
2025-08-21 17:20:11,100g Valcambi Gold Bar,18480.00
2025-08-21 17:20:15,Boox Go Color 7,549
2025-08-21 17:20:19,50g Valcambi Gold Bar,9330.00
2025-08-21 17:20:23,1 oz Valcambi Gold Bars,5809.00
2025-08-21 17:20:29,sports gene,25.00
2025-08-21 17:20:55,Certina C0364071105001,1985.001014.91
2025-08-21 17:20:58,Колекция Игра на тронове,119.9561.33
2025-08-21 17:21:42,Pocketbook Basic Lux 4,005521582401105521523702055215315907305521531501405521536354505521533406055215361147055215331380552153075990552153089711005521579111055215739120552157029130552157814055215741505521581108160552158112861705521582261807126941907127293
2025-08-21 17:22:23,Lenovo M11,00557001105570987020557099073055709014055702545055700340605570291470557003138055709599055709097110055701111055704391205570982913055705814055707150557090816055709286170557061807256941907256293
2025-08-21 17:23:05,Honor X9a,0055163011055156970205515907305515014055150954505515140605515071470551511380551559905515971100551638111055163923912055163762913055163938140551635150551637081605516372861705516386180769419077293
2025-08-21 17:23:47,Alienware oled,00555401105554770205554907305554014055541545055544406055541147055544138055540599055541971100555421110555453912055548929130555468140555461505554081605554286170555461807006941907007293
2025-08-21 17:23:56,Hbada E218 Ergonomic Office Chair,229.99
2025-08-21 17:24:38,BOOX Go Color7 Gen II,00555677760110555672157020555672679073055567267014055567255450555672840605556723147055567281380555672595990555672597110055567731110555677339120555677222913055567738140555677061505556776308160555677632861705556777461807977941907977293
2025-08-22 17:20:22,100g Valcambi Gold Bar,18470.00
2025-08-22 17:20:26,Boox Go Color 7,549
2025-08-22 17:20:29,50g Valcambi Gold Bar,9326.00
2025-08-22 17:20:33,1 oz Valcambi Gold Bars,5806.00
2025-08-22 17:20:40,sports gene,25.00
2025-08-22 17:21:08,Certina C0364071105001,1985.001014.91
2025-08-22 17:21:11,Колекция Игра на тронове,119.9561.33
2025-08-22 17:21:53,Pocketbook Basic Lux 4,00556907011055696670205569689073055696801405569746545055697140605569744147055697113805569659905569697110055691110556939120556932913055690814055699715055694081605569428617055690561807238941907238293
2025-08-22 17:22:34,Lenovo M11,0055741101105573970205573090730557300140557359545055733140605573571470557331138055735990557397110055740111055740239120557406291305574038140557401505574107081605574107286170557411861807200941907201293
2025-08-22 17:23:15,Honor X9a,0055047618011055047077020550471099073055047109014055047157545055047124060550471551470550471213805504705990550470971100550475111055047503912055047542913055047518140550475815055047605081605504760528617055047616618070394190703293
2025-08-22 17:23:56,Alienware oled,005567771011055677107020556776290730556776201405567705450556778840605567714705567788138055677545990556775597110055677361110556773939120556771291305567738140556770115055677508160556775286170556776618071494190715293
2025-08-22 17:24:06,Hbada E218 Ergonomic Office Chair,229.99
2025-08-22 17:24:47,BOOX Go Color7 Gen II,005627722011056277517020562773907305627730140562771545056277940605627714705627791380562779559905627796971100562772771110562772739120562772529130562772781405627724215056277290816056277292861705627720618076349694190763497293
2025-08-23 17:17:12,100g Valcambi Gold Bar,18492.00
2025-08-23 17:17:16,Boox Go Color 7,549
2025-08-23 17:17:20,50g Valcambi Gold Bar,9337.00
2025-08-23 17:17:23,1 oz Valcambi Gold Bars,5814.00
2025-08-23 17:17:28,sports gene,25.00
2025-08-23 17:17:54,Certina C0364071105001,1985.001014.91
2025-08-23 17:17:57,Колекция Игра на тронове,119.9561.33
2025-08-23 17:18:40,Pocketbook Basic Lux 4,005602705011056021470205602169073056021601405602244545056022140605602242147056022113805602185990560219971100560261110560263912056026129130560268140560269515056026208160560262286170560270361807966941907967293
2025-08-23 17:19:21,Lenovo M11,00556200801105562003570205562003907305562003014055620035450556200334060556200391470556200331380556200395990556200309711005562008811110556200884391205562008682913055620088581405562008415055620089081605562008928617055620086180708989419070898293
2025-08-23 17:20:02,Honor X9a,0055764101105570070205571329073055713201405571805450557158406055717147055715813805571245990557125971100557606111055760939120557529130557608140557511505576208160557622861705576361807924941907925293
2025-08-23 17:20:43,Alienware oled,005571935011055719547020557196269073055719626014055719674545055719644060557196721470557196413805571961859905571961997110055719111055719391205571912913055719814055719515055719220816055719222861705571933618074494190745293
2025-08-23 17:20:52,Hbada E218 Ergonomic Office Chair,229.99
2025-08-23 17:21:32,BOOX Go Color7 Gen II,005589030110558997020558929073055892014055897954505589514060558977147055895113805589159905589197110055891110558900239120558962913055890038140558915055890270816055890272861705589038618075894190759293
2025-08-24 17:18:11,100g Valcambi Gold Bar,18492.00
2025-08-24 17:18:15,Boox Go Color 7,549
2025-08-24 17:18:19,50g Valcambi Gold Bar,9337.00
2025-08-24 17:18:23,1 oz Valcambi Gold Bars,5814.00
2025-08-24 17:18:29,sports gene,25.00
2025-08-24 17:18:57,Certina C0364071105001,1985.001014.91
2025-08-24 17:19:00,Колекция Игра на тронове,119.9561.33
2025-08-24 17:19:43,Pocketbook Basic Lux 4,0056428040110564277702056427907305642701405642800154505642744060564280011470564274138056427059905642719711005642804211105642804539120564280489291305642804681405642804615056428040816056428042861705642804618074294190742293
2025-08-24 17:20:24,Lenovo M11,005621038011056218770205621990730562190140562127545056214060562125147056211380562159905621971100562103111056210303912056210394291305621031814056210378150562103508160562103528617056210366180704969419070497293
2025-08-24 17:21:04,Honor X9a,005563181011055631207020556317290730556317201405563105450556319840605563114705563198138055631645990556316597110055631461110556314939120556312291305563148140556311115055631608160556316286170556317618079494190794293
2025-08-24 17:21:45,Alienware oled,005622094901105622038702056220439073056220430140562204885450562204604060562204861470562204601380562204259905622042971100562209011105622091139120562208529130562209128140562208915056220936081605622093628617056220947618074294190743293
2025-08-24 17:21:54,Hbada E218 Ergonomic Office Chair,229.99
2025-08-24 17:22:34,BOOX Go Color7 Gen II,0055969850110559699247020559699769073055969976014055969945450559699940605596992147055969991380559699685990559699699711005596941110559694391205596931291305596948140559691515055969720816055969722861705596983618078394190783293
2025-08-25 17:18:31,100g Valcambi Gold Bar,18597.00
2025-08-25 17:18:35,Boox Go Color 7,549
2025-08-25 17:18:39,50g Valcambi Gold Bar,9389.00
2025-08-25 17:18:42,1 oz Valcambi Gold Bars,5847.00
2025-08-25 17:18:47,sports gene,25.00
2025-08-25 17:19:17,Certina C0364071105001,1985.001014.91
2025-08-25 17:19:20,Колекция Игра на тронове,119.9561.33
2025-08-25 17:20:02,Pocketbook Basic Lux 4,00561400110561465702056146190730561461014056146545056146740605614614705614671380561463599056146497110056148511105614883912056146291305614898140561450150561408160561428617056146180799419079293
2025-08-25 17:20:43,Lenovo M11,0055574453011055574370205557440309073055574403001405557440754505557440564060555744071470555744056138055574402259905557440239711005557445041110555744507391205557444291305557445088140555744415055574452081605557445228617055574453618076736494190767365293
2025-08-25 17:21:24,Honor X9a,00561490110561998702056199073056190140561038545056101040605610361470561010138056195990561997110056141110561413912056145291305614281405614891505614608160561462861705614761807530941907531293
2025-08-25 17:22:05,Alienware oled,0055278011055277770205527990730552790140552717545055274060552715147055271380552759905527971100552791110552703912055278429130552718140552768150552750816055275286170552766180772699419077269293
2025-08-25 17:22:14,Hbada E218 Ergonomic Office Chair,229.99
2025-08-25 17:22:55,BOOX Go Color7 Gen II,00557846011055776570205577790730557770140557800554505577406055780031470557713805577959905577971100557848111055784839120557847229130557848814055784561505578430816055784328617055784461807380941907381293
2025-08-26 17:19:52,100g Valcambi Gold Bar,18658.00
2025-08-26 17:19:57,Boox Go Color 7,549
2025-08-26 17:20:01,50g Valcambi Gold Bar,9420.00
2025-08-26 17:20:05,1 oz Valcambi Gold Bars,5866.00
2025-08-26 17:20:11,sports gene,25.00
2025-08-26 17:20:36,Certina C0364071105001,1985.001014.91
2025-08-26 17:20:42,Колекция Игра на тронове,119.9561.33
2025-08-26 17:21:24,Pocketbook Basic Lux 4,0056002601105600216702056002190730560021014056002205450560021540605600220147056002151380560021159905600212971100560026931110560026963912056002672913056002697814056002651505600260816056002628617056002661807138941907139293
2025-08-26 17:22:05,Lenovo M11,0055961622401105596153702055961515907305596151501405596156354505596153406055961561147055961531380559615075990559615089711005596161911105596161391205596161029130559616181405596161415055961621108160559616211286170559616222618077594190775293
2025-08-26 17:22:45,Honor X9a,00552410011055170205510190730551010140551454505512740605514147055127138055135990551497110055235111055238391205523291305523981405523015055230816055232861705524061807880941907881293
2025-08-26 17:23:27,Alienware oled,0056014301105601457020560146290730560146201405601467545056014652406056014678147056014652138056014615990560146197110056014001110560140339120560147291305601404814056014150560142808160560142828617056014396180720089419072009293
2025-08-26 17:23:36,Hbada E218 Ergonomic Office Chair,229.99
2025-08-26 17:24:18,BOOX Go Color7 Gen II,0055579701105557926702055579290730555792014055579305450555792440605557930147055579241380555792059905557921971100555797921110555797953912055579779291305557979681405557975150555797081605557972861705557976180759419075293
2025-08-27 17:19:16,100g Valcambi Gold Bar,18747.00
2025-08-27 17:19:20,Boox Go Color 7,549
2025-08-27 17:19:25,50g Valcambi Gold Bar,9466.00
2025-08-27 17:19:30,1 oz Valcambi Gold Bars,5894.00
2025-08-27 17:19:36,sports gene,25.00
2025-08-27 17:20:08,Certina C0364071105001,1985.001014.91
2025-08-27 17:20:12,Колекция Игра на тронове,119.9561.33
2025-08-27 17:20:54,Pocketbook Basic Lux 4,0055956210110559500702055951129073055951120140559516054505595138406055951514705595138138055951045990559510597110055955611105595593912055955291305595581405595511505595600816055956028617055956161807958941907958293
2025-08-27 17:21:35,Lenovo M11,0056321330011056321702056321219073056321210140563216545056321474060563216147056321471380563211359905632114971100563212511105632128391205632122913056321298140563212015056321310816056321312861705632132618073612894190736129293
2025-08-27 17:22:17,Honor X9a,0055927701105592781702055927869073055927860140559278545055927892406055927881470559278921380559278559905592785971100559274011105592743391205592727291305592744814055927015055927680816055927682861705592779618078094190781293
2025-08-27 17:23:00,Alienware oled,00551477011055191670205519689073055196801405519654505519840605519414705519813805519559905519597110055143111055143391205514232913055144081405514071505514640816055146428617055147561807934941907935293
2025-08-27 17:23:09,Hbada E218 Ergonomic Office Chair,229.99
2025-08-27 17:23:51,BOOX Go Color7 Gen II,0056007828201105600772170205600777390730560077730140560077154505600779940605600771470560077991380560077655990560077669711005600782471110560078243912056007822291305600782481405600782121505600782608160560078262861705600782806180788569419078857293
2025-08-28 17:19:01,100g Valcambi Gold Bar,18767.00
2025-08-28 17:19:05,Boox Go Color 7,549
2025-08-28 17:19:09,50g Valcambi Gold Bar,9476.00
2025-08-28 17:19:13,1 oz Valcambi Gold Bars,5901.00
2025-08-28 17:19:19,sports gene,25.00
2025-08-28 17:19:36,Certina C0364071105001,1985.001014.91
2025-08-28 17:19:39,Колекция Игра на тронове,119.9561.33
2025-08-28 17:20:21,Pocketbook Basic Lux 4,005615702105615717020561576907305615760140561575450561579240605615781470561579213805615755990561575971100561540111056154349120561527291305615448140561501505615680816056156829617056157006180736809419073681293
2025-08-28 17:21:02,Lenovo M11,00552920210552370205524190730552410140552465450552445406055246147055244513805524115990552412971100552831110552864912055282913055287814055281505529108160552912961705529200618074271894190742719293
2025-08-28 17:21:43,Honor X9a,005651143021056511427020565115349073056511534014056511582545056511554060565115801470565115513805651152659905651152797110056511081110565110491205651192913056511081405651193150565113008160565113029617056511420061807926941907927293
2025-08-28 17:22:23,Alienware oled,00556154102105560070205561032907305561032014055610805450556105840605561071470556105813805561024599055610259711005561506111055615094912055614291305561508140556141150556152081605561522961705561540006180739109419073911293
2025-08-28 17:22:32,Hbada E218 Ergonomic Office Chair,229.99
2025-08-28 17:23:21,BOOX Go Color7 Gen II,0056253330210562539702056253290730562532014056253795450562535140605625377147056253511380562531599056253197110056253211105625330249120562532629130562533038140562532150562533270816056253327296170562533390061807798941907798293
2025-08-29 17:18:43,100g Valcambi Gold Bar,18945.00
2025-08-29 17:18:47,Boox Go Color 7,549
2025-08-29 17:18:52,50g Valcambi Gold Bar,9566.00
2025-08-29 17:18:56,1 oz Valcambi Gold Bars,5956.00
2025-08-29 17:19:02,sports gene,25.00
2025-08-29 17:19:32,Certina C0364071105001,1985.001014.91
2025-08-29 17:19:35,Колекция Игра на тронове,119.9561.33
2025-08-29 17:20:18,Pocketbook Basic Lux 4,005601760210560157020560679073056067014056055450560840605603147056081380560595990560597110056013111056013491205601222913056013814056010615056016308160560163296170560175006180763809419076381293
2025-08-29 17:20:59,Lenovo M11,005583195021055831474702055831469073055831460140558315145450558314406055831512147055831413805583148599055831499711005583199111055831994912055831981291305583199814055831965150558319208160558319229617055831940061807898941907898293
2025-08-29 17:21:40,Honor X9a,0056492021056499917020564993907305649930140564931545056490940605649214705649091380564995599056499697110056497111056494912056499291305649814056498215056490816056492961705649100618071894190718293
2025-08-29 17:22:22,Alienware oled,005569400210556967020556973190730556973101405569775450556975740605569771470556975713805569723599055697249711005569051110556908491205569291305569098140556901505569208160556922961705569300618077294190772293
2025-08-29 17:22:31,Hbada E218 Ergonomic Office Chair,229.99
2025-08-29 17:23:12,BOOX Go Color7 Gen II,0055650030210556427020556449073055644014055644254505564140605564401470556411380556465990556479711005564811105564491205564291305564814055649315055640081605564029617055650020061807358941907359293
2025-08-30 17:17:17,100g Valcambi Gold Bar,18963.00
2025-08-30 17:17:21,Boox Go Color 7,549
2025-08-30 17:17:25,50g Valcambi Gold Bar,9575.00
2025-08-30 17:17:30,1 oz Valcambi Gold Bars,5962.00
2025-08-30 17:17:36,sports gene,25.00
2025-08-30 17:18:04,Certina C0364071105001,1985.001014.91
2025-08-30 17:18:08,Колекция Игра на тронове,119.9561.33
2025-08-30 17:18:49,Pocketbook Basic Lux 4,00565479330210565478927020565478490730565478401405654783254505654780406056547830147056547801380565478659905654787971100565479381110565479349120565479392913056547938140565479383150565479300816056547930296170565479320061807634941907634293
2025-08-30 17:19:30,Lenovo M11,00555661021055560702055561090730555610014055561554505556135406055561514705556135138055561015990555610297110055565311105556564912055565291305556578140555651505556600816055566029617055566100618070094190701293
2025-08-30 17:20:11,Honor X9a,0056529065602105652900570205652901479073056529014701405652901955450565290164060565290193147056529016138056529013959905652901397110056529061111056529061491205652906022913056529061814056529056150565290643081605652906432961705652906550061807614941907615293
2025-08-30 17:20:53,Alienware oled,0055625021055620870205562090730556200140556212545055621034060556212914705562103138055620599055620097110055625111105562544912055625982913055625581405562571505562590816055625929617055625006180798539419079853293
2025-08-30 17:21:02,Hbada E218 Ergonomic Office Chair,229.99
2025-08-30 17:21:44,BOOX Go Color7 Gen II,0055515190210555187020555100907305551000140555105854505551030406055510561470555103013805551599055519711005551411105551414912055514529130555142814055514915055515060816055515062961705551518006180756469419075647293
2025-08-31 17:17:27,100g Valcambi Gold Bar,18963.00
2025-08-31 17:17:30,Boox Go Color 7,549
2025-08-31 17:17:36,50g Valcambi Gold Bar,9575.00
2025-08-31 17:17:41,1 oz Valcambi Gold Bars,5962.00
2025-08-31 17:17:46,sports gene,25.00
2025-08-31 17:18:09,Certina C0364071105001,1985.001014.91
2025-08-31 17:18:12,Колекция Игра на тронове,119.9561.33
2025-08-31 17:18:54,Pocketbook Basic Lux 4,005646053021056460927020564604490730564604401405646092545056460640605646090147056460613805646036599056460379711005646018111056460149120564602913056460181405646031505646040081605646040296170564605200618078455294190784553293
2025-08-31 17:19:34,Lenovo M11,00558537802105585377677020558537799073055853779014055853780754505585377406055853780514705585377138055853775990558537797110055853781110558537904912055853774291305585379181405585375815055853750816055853752961705585377006180742459419074245293
2025-08-31 17:20:14,Honor X9a,005595452021055954041702055954093907305595409301405595401545055954094060559540147055954091380559540855990559540869711005595456711105595456491205595454291305595456814055954532150559545808160559545829617055954510061807870941907871293
2025-08-31 17:20:55,Alienware oled,00559564021055955037020559555590730559555501405595535450559557406055955114705595571380559554759905595548971100559529111055952491205595102913055952814055959415055955108160559551296170559563006180794989419079499293
2025-08-31 17:21:04,Hbada E218 Ergonomic Office Chair,229.99
2025-08-31 17:21:44,BOOX Go Color7 Gen II,00564473000021056447297020564472190730564472101405644723545056447217406056447231470564472171380564472359905644724971100564472511105644728491205644722913056447298140564472901505644720816056447229617056447200618072647694190726477293
2025-09-01 17:18:03,100g Valcambi Gold Bar,19092.00
2025-09-01 17:18:07,Boox Go Color 7,549
2025-09-01 17:18:11,50g Valcambi Gold Bar,9640.00
2025-09-01 17:18:15,1 oz Valcambi Gold Bars,6002.00
2025-09-01 17:18:20,sports gene,25.00
2025-09-01 17:18:45,Certina C0364071105001,1985.001014.91
2025-09-01 17:18:48,Колекция Игра на тронове,119.9561.33
2025-09-01 17:19:30,Pocketbook Basic Lux 4,005618843802105618777020561872990730561872901405618777545056187440605618775147056187413805618715990561871971100561883111056188400491205618834291305618840181405618838150561884250816056188425296170561884370061807026941907027293
2025-09-01 17:20:11,Lenovo M11,00550558021055055377020550553907305505530140550554154505505535406055055411470550553513805505531599055055329711005505583111055055864912055055882913055055878140550558615055055808160550558296170550558006180756829419075683293
2025-09-01 17:20:51,Honor X9a,0055948902105594378702055943907305594301405594418545055943040605594416147055943013805594359905594397110055948911105594814912055948852913055948281405594869150559486081605594862961705594880061807722941907723293
2025-09-01 17:21:32,Alienware oled,0056548021056548677020565489907305654890140565490754505654840605654905147056548138056548599056548971100565481110565490491205654742913056549181405654581505654508160565452961705654700618073294190733293
2025-09-01 17:21:40,Hbada E218 Ergonomic Office Chair,229.99
2025-09-01 17:22:21,BOOX Go Color7 Gen II,0055797880210557975277020557975799073055797579014055797575450557975940605579755147055797591380557975659905579756971100557974111055797504912055797342913055797518140557971815055797750816055797752961705579787006180715249419071525293
2025-09-02 17:18:20,100g Valcambi Gold Bar,19444.00
2025-09-02 17:18:24,Boox Go Color 7,549
2025-09-02 17:18:28,50g Valcambi Gold Bar,9817.00
2025-09-02 17:18:32,1 oz Valcambi Gold Bars,6113.00
2025-09-02 17:18:37,sports gene,25.00
2025-09-02 17:19:03,Certina C0364071105001,1985.001014.91
2025-09-02 17:19:06,Колекция Игра на тронове,119.9561.33
2025-09-02 17:19:48,Pocketbook Basic Lux 4,005559933940210555992337020555992859073055599285014055599235450555992406055599211470555992138055599277599055599278971100555993359111055599335491205559933402913055599335814055599332415055599338108160555993381296170555993393006180749419074293
2025-09-02 17:20:29,Lenovo M11,005587132302105587027020558701490730558701401405587062545055870340605587060147055870313805587006599055870079711005587128111055871249120558712291305587128140558712315055871310081605587131029617055871322006180734809419073481293
2025-09-02 17:21:10,Honor X9a,00558658021055865527020558655809073055865580014055865554505586556406055865514705586556138055865572599055865573971100558655411105586557491205586532913055865588140558651150558657081605586572961705586580061807523941907523293
2025-09-02 17:21:52,Alienware oled,0055567002105556784702055567819073055567810140555678545055567874060555678147055567871380555678935990555678949711005556775111055567784912055567529130555677981405556740150555679081605556792961705556700618074394190743293
2025-09-02 17:22:01,Hbada E218 Ergonomic Office Chair,229.99
2025-09-02 17:22:42,BOOX Go Color7 Gen II,00559858900210559853270205598538190730559853810140559853545055985374060559853147055985371380559853735990559853749711005598585511105598585849120559858329130559858598140559858201505598587081605598587296170559858800618076689094190766891293
2025-09-03 17:18:19,100g Valcambi Gold Bar,19655.00
2025-09-03 17:18:22,Boox Go Color 7,549
2025-09-03 17:18:26,50g Valcambi Gold Bar,9924.00
2025-09-03 17:18:30,1 oz Valcambi Gold Bars,6179.00
2025-09-03 17:18:36,sports gene,25.00
2025-09-03 17:19:01,Certina C0364071105001,1985.001014.91
2025-09-03 17:19:07,Колекция Игра на тронове,119.9561.33
2025-09-03 17:19:49,Pocketbook Basic Lux 4,00550360708105503067020550308907305503080140550314654505503114060550314414705503111380550305990550309711005503525110550359120550353339130550350581405503597115055035411816055035426170550360606618078694190787293
2025-09-03 17:20:29,Lenovo M11,0055955028081055954770205595419907305595419014055954675450559543406055954651470559543138055954059905595409711005595425110559540912055954433913055954158140559548115055955015118160559550152617055955027066180759419075293
2025-09-03 17:21:10,Honor X9a,0056027526908105602740870205602745907305602745014056027485450560274804060560274614705602748013805602744599056027449711005602752225110560275231912056027521533913056027523258140560275191150560275256118160560275256261705602752680661807440941907441293
2025-09-03 17:21:51,Alienware oled,005595908105595370205595909073055959001405595545055956406055951470559561380559582599055958397110055956425110559567912055954339130559568581405595211505595811816055958261705595906618077394190773293
2025-09-03 17:22:00,Hbada E218 Ergonomic Office Chair,229.99
2025-09-03 17:22:41,BOOX Go Color7 Gen II,005605764708105605765670205605766389073056057663801405605766865450560576654060560576684147056057665138056057662599056057662971100560576025110560576091205605763339130560576105814056057671150560576341181605605763426170560576460661807295941907295293
2025-09-04 17:18:12,100g Valcambi Gold Bar,19626.00
2025-09-04 17:18:16,Boox Go Color 7,549
2025-09-04 17:18:20,50g Valcambi Gold Bar,9910.00
2025-09-04 17:18:24,1 oz Valcambi Gold Bars,6170.00
2025-09-04 17:18:30,sports gene,25.00
2025-09-04 17:18:56,Certina C0364071105001,1985.001014.91
2025-09-04 17:18:59,Колекция Игра на тронове,119.9561.33
2025-09-04 17:19:42,Pocketbook Basic Lux 4,0055460610810554601407020554601929073055460192014055460105450554601840605546011470554601813805546018459905546018597110055460666251105546066991205546064339130554606658140554606311150554606811816055460682617055460600661807398941907399293
2025-09-04 17:20:24,Lenovo M11,0056309508105630494702056304690730563046014056305345450563050406056305321470563050138056304859905630499711005630925110563099120563091339130563095814056309851150563092118160563092261705630940661807222941907223293
2025-09-04 17:21:06,Honor X9a,0056531870810565313170205653136907305653136014056531354505653139540605653131470565313951380565313615990565313629711005653184325110565318469120565318233913056531847581405653180115056531861181605653186261705653187066180709419070293
2025-09-04 17:21:48,Alienware oled,00562310000810562319702056231190730562311014056231354505623117406056231314705623117138056231359905623149711005623152511056231891205623133913056231958140562319011505623111816056231261705623106618071794190717293
2025-09-04 17:21:57,Hbada E218 Ergonomic Office Chair,229.99
2025-09-04 17:22:40,BOOX Go Color7 Gen II,00556026690810556021087020556021590730556021501405560218545055602180406055602161470556021801380556021459905560214971100556026225110556026319120556026153391305560263258140556025911505560265611816055602656261705560266806618074694190746293
2025-09-05 17:18:41,100g Valcambi Gold Bar,19673.00
2025-09-05 17:18:44,Boox Go Color 7,549
2025-09-05 17:18:48,50g Valcambi Gold Bar,9933.00
2025-09-05 17:18:51,1 oz Valcambi Gold Bars,6185.00
2025-09-05 17:18:57,sports gene,25.00
2025-09-05 17:19:26,Certina C0364071105001,1985.001014.91
2025-09-05 17:19:30,Колекция Игра на тронове,119.9561.33
2025-09-05 17:20:15,Pocketbook Basic Lux 4,0055820190810558204870205582099073055820901405582085450558200406055820614705582001380558208599055820897110055820162511055820171912055820155339130558201725814055820139115055820196118160558201962617055820180661807448941907449293
2025-09-05 17:20:56,Lenovo M11,00557392081055733970205573419073055734101405573469545055734414060557346714705573441138055734059905573409711005573825110557382912055738633913055738358140557381150557391711816055739172617055739290661807126941907127293
2025-09-05 17:21:37,Honor X9a,00557100810557870205571907305571014055725450557074060557214705570713805573599055749711005571525110557189120557193391305571958140557180115055711181605571261705571066180717589419071759293
2025-09-05 17:22:18,Alienware oled,00561345081056137020561349073056134014056139545056137240605613981470561372138056133599056133971100561342025110561342391205613407339130561342458140561331150561344811816056134482617056134506618074094190741293
2025-09-05 17:22:27,Hbada E218 Ergonomic Office Chair,229.99
2025-09-05 17:23:08,BOOX Go Color7 Gen II,005563908105563568702055635907305563501405563608545055635040605563606147055635013805563559905563597110055638251105563919120556375339130556392581405563591150556361181605563626170556380661807731941907731293
2025-09-06 17:15:53,100g Valcambi Gold Bar,19666.00
2025-09-06 17:15:57,Boox Go Color 7,549
2025-09-06 17:16:00,50g Valcambi Gold Bar,9930.00
2025-09-06 17:16:04,1 oz Valcambi Gold Bars,6183.00
2025-09-06 17:16:11,sports gene,25.00
2025-09-06 17:16:36,Certina C0364071105001,1985.001014.91
2025-09-06 17:16:40,Колекция Игра на тронове,119.9561.33
2025-09-06 17:17:23,Pocketbook Basic Lux 4,005556420810555651702055566339073055566330140555668154505556659406055566714705556659138055566255990555662697110055560725110555609120555633913055560581405556211505556211816055562261705556410661807483941907483293
2025-09-06 17:18:04,Lenovo M11,00555564081055551637020555515907305555150140555520354505555140605555201147055551138055551759905555189711005555689251105555689120555567033913055556858140555565411505555611181605555612617055556306618073694190736293
2025-09-06 17:18:45,Honor X9a,0055120810551881702055183907305518301405519215450551894060551911470551891380551855990551869711005517251105519120551833913055158140551721150551118160551261705511066180778009419077800293
2025-09-06 17:19:25,Alienware oled,0055665081055665977020556659907305566590140556651545055665934060556651914705566593138055665959905566590971100556651251105566549120556658833913055665558140556656115055665911816055665926170556650661807580941907580293
2025-09-06 17:19:34,Hbada E218 Ergonomic Office Chair,229.99
2025-09-06 17:20:17,BOOX Go Color7 Gen II,0055869820810558692702055869319073055869310140558693654505586934540605586936147055869345138055869311599055869312971100558697325110558697691205586973391305586977581405586971150558698111816055869812617055869820661807674941907675293
2025-09-07 17:16:50,100g Valcambi Gold Bar,19666.00
2025-09-07 17:16:53,Boox Go Color 7,549
2025-09-07 17:16:58,50g Valcambi Gold Bar,9930.00
2025-09-07 17:17:02,1 oz Valcambi Gold Bars,6183.00
2025-09-07 17:17:08,sports gene,25.00
2025-09-07 17:17:33,Certina C0364071105001,1985.001014.91
2025-09-07 17:17:36,Колекция Игра на тронове,119.9561.33
2025-09-07 17:18:17,Pocketbook Basic Lux 4,0055884081055829702055833907305583301405583895450558361406055838714705583611380558325990558329711005588025110558812912055876339130558813581405587115055883711816055883726170558849066180748789419074879293
2025-09-07 17:18:58,Lenovo M11,005588576081055880157020558806790730558806701405588055450558808406055880314705588081380558805959905588059711005588532511055885391205588522339130558853581405588506115055885631181605588563261705588575066180720769419072077293
2025-09-07 17:19:39,Honor X9a,0056168420810561621702056163339073056163330140561638154505616359406056163714705616359138056163255990561632697110056168072511056168091205616733913056168058140561672115056168211816056168226170561684106618070394190703293
2025-09-07 17:20:19,Alienware oled,0056155084081056154237020561547590730561547501405615435450561549406056154114705615491380561546759905615468971100561550492511056155049120561550303391305615504581405615501411505615507111816056155071261705615508306618076694190767293
2025-09-07 17:20:28,Hbada E218 Ergonomic Office Chair,229.99
2025-09-07 17:21:09,BOOX Go Color7 Gen II,00560236008105602307020560231009073056023100014056023145450560231264060560231414705602312613805602302599056023039711005602354251105602357912056023533913056023585814056023591150560235118160560235261705602360066180757949419075795293
2025-09-08 17:19:30,100g Valcambi Gold Bar,19895.00
2025-09-08 17:19:34,Boox Go Color 7,549
2025-09-08 17:19:37,50g Valcambi Gold Bar,10045.00
2025-09-08 17:19:41,1 oz Valcambi Gold Bars,6255.00
2025-09-08 17:19:48,sports gene,25.00
2025-09-08 17:20:22,Certina C0364071105001,1985.001014.91
2025-09-08 17:20:25,Колекция Игра на тронове,119.9561.33
2025-09-08 17:21:07,Pocketbook Basic Lux 4,0055287508105528170205528249073055282401405528295450552827240605528298147055282721380552823599055282397110055287202511055287239120552870733913055287245814055286115055287481181605528748261705528750661807869941907869293
2025-09-08 17:21:48,Lenovo M11,0056244081056246837020562465907305624650140562472354505624640605624721147056246138056246759905624689711005624925110562491205624903391305624581405624741150562411181605624126170562430661807794941907795293
2025-09-08 17:22:28,Honor X9a,005589358081055897702055894990730558949014055899754505589640605589951470558961380558935990558939711005589312511055893209120558930433913055893215814055892811505589345118160558934526170558935706618070294190703293
2025-09-08 17:23:09,Alienware oled,0055982970810559736702055978890730559788014055976545055974060559741470559713805597759905597797110055982525110559825912055982433391305598260581405598227115055982841181605598284261705598296066180712469419071247293
2025-09-08 17:23:17,Hbada E218 Ergonomic Office Chair,229.99
2025-09-08 17:23:58,BOOX Go Color7 Gen II,0055847932081055847317020558474239073055847423014055847471545055847449406055847461470558474491380558474155990558474169711005584787251105584789120558478339130558478581405584782115055847911181605584791261705584793106618078394190783293
2025-09-09 17:19:00,100g Valcambi Gold Bar,500.100
2025-09-09 17:19:04,Boox Go Color 7,549
2025-09-09 17:19:10,50g Valcambi Gold Bar,500.50
2025-09-09 17:19:17,1 oz Valcambi Gold Bars,500.1
2025-09-09 17:19:22,sports gene,25.00
2025-09-09 17:19:49,Certina C0364071105001,1985.001014.91
2025-09-09 17:19:52,Колекция Игра на тронове,119.9561.33
2025-09-09 17:20:36,Pocketbook Basic Lux 4,005621538608105621525702056215779073056215770140562155545056215940605621531470562159138056215695990562156971100562153425110562153491205621533233913056215345814056215316115056215373118160562153732617056215385066180776489419077649293
2025-09-09 17:21:18,Lenovo M11,00555782230810555781827020555781490730555781401405557812254505557814060555781201470555781138055578165990555781797110055578228251105557822912055578228339130555782258140555782273115055578220118160555782202617055578222066180789419078293
2025-09-09 17:22:00,Honor X9a,0055807051081055807050702055807064290730558070642014055807069054505580706684060558070681470558070668138055807063459905580706359711005580701625110558070199120558070339130558070158140558070111505580703118160558070326170558070500661807470941907471293
2025-09-09 17:22:41,Alienware oled,005505618081055050770205505109907305505109014055051575450550512406055051551470550512138055050599055050971100550552511055055091205505543391305505515814055055811505505605118160550560526170550561706618077505694190775057293
2025-09-09 17:22:50,Hbada E218 Ergonomic Office Chair,229.99
2025-09-09 17:23:32,BOOX Go Color7 Gen II,0055687908105563187020556369073055636014055638545055639040605563614705563901380556355990556359711005568325110556841912055682533913055684258140556809115055686611816055686626170556878066180743739419074373293
2025-09-10 17:18:29,100g Valcambi Gold Bar,19991.00
2025-09-10 17:18:33,Boox Go Color 7,549
2025-09-10 17:18:36,50g Valcambi Gold Bar,10093.00
2025-09-10 17:18:40,1 oz Valcambi Gold Bars,6285.00
2025-09-10 17:18:46,sports gene,25.00
2025-09-10 17:19:20,Certina C0364071105001,1985.001014.91
2025-09-10 17:19:24,Колекция Игра на тронове,119.9561.33
2025-09-10 17:20:06,Pocketbook Basic Lux 4,005552599410555201080205552062540305552062731405552008245055520880560555202370555208703805552054968905552055511005552555481105552563272120555254631313055525635140555252491505552588158160555258833217055525953180771299419077129293
2025-09-10 17:20:47,Lenovo M11,00560528941056052351802056052335403056052337314056052318245056052390560560523237056052380380560523959689056052396511005605280548110560528427212056052887313130560528451405605286491505605289158160560528933217056052853180741549419074155293
2025-09-10 17:21:28,Honor X9a,0055901787894105590172802055901733540305590173373140559017388245055901736505605590173823705590173640380559017331968905590173325110055901783548110559017840272120559017823313130559017840514055901780849150559017865158160559017865332170559017877531807599941907599293
2025-09-10 17:22:09,Alienware oled,00563001194105630668020563085403056308731405630068245056300560563003237056300380563096890563051100563001554811056300192721205630019313130563001951405630018149150563001158160563001332170563001053180739429419073943293
2025-09-10 17:22:18,Hbada E218 Ergonomic Office Chair,229.99
2025-09-10 17:23:00,BOOX Go Color7 Gen II,005565058894105564802055650045403055650047314055650098245055650075056055650092370556500740380556500419689055650042511005565054548110556505502721205565053331313055650550514055650518491505565057515816055650575332170556505875318077794190777293
2025-09-11 17:18:23,100g Valcambi Gold Bar,19906.00
2025-09-11 17:18:27,Boox Go Color 7,549
2025-09-11 17:18:30,50g Valcambi Gold Bar,10050.00
2025-09-11 17:18:35,1 oz Valcambi Gold Bars,6259.00
2025-09-11 17:18:41,sports gene,25.00
2025-09-11 17:19:10,Certina C0364071105001,1985.001014.91
2025-09-11 17:19:13,Колекция Игра на тронове,119.9561.33
2025-09-11 17:19:55,Pocketbook Basic Lux 4,00557319941055731568020557315054030557315073140557316082450557315605605573160237055731550380557315296890557315351100557315481105573112721205573143131305573115140557318949150557316158160557316332170557318531807339941907339293
2025-09-11 17:20:36,Lenovo M11,00559415694105594105802055941054030559410731405594108245055941030560559410823705594102038055941099689055941005110055941554811055941527212055941591313130559415514055941576491505594153158160559415333217055941555318074294190743293
2025-09-11 17:21:16,Honor X9a,00556229410556697802055669540305566973140556737824505567005605567342370556700380556696890556651100556654811055627212055631313055651405562491505560158160556033217055621531807310941907311293
2025-09-11 17:21:59,Alienware oled,005596503941055965978802055965954030559659731405596518824505596590056055965152370559659038055965996890559659511005596575481105596527212055965313130559655140559659349150559650158160559650332170559650253180739419073293
2025-09-11 17:22:07,Hbada E218 Ergonomic Office Chair,229.99
2025-09-11 17:22:49,BOOX Go Color7 Gen II,0055875194105587026802055870785403055870787314055870682450558709056055870323705587090380558706968905587065110055875755481105587579272120558755313130558757951405587541491505587591581605587593321705587505318075587294190755873293
2025-09-12 17:18:23,100g Valcambi Gold Bar,19995.00
2025-09-12 17:18:27,Boox Go Color 7,549
2025-09-12 17:18:32,50g Valcambi Gold Bar,10095.00
2025-09-12 17:18:36,1 oz Valcambi Gold Bars,6286.00
2025-09-12 17:18:43,sports gene,25.00
2025-09-12 17:19:09,Certina C0364071105001,1985.001014.91
2025-09-12 17:19:12,Колекция Игра на тронове,119.9561.33
2025-09-12 17:19:54,Pocketbook Basic Lux 4,0055562194105556496802055564854030555648731405556536824505556500560555653323705556500380555649689055564511005556955481105556992721205556931313055569951405556914915055560158160555603321705556205318073094190730293
2025-09-12 17:20:35,Lenovo M11,00551485894105514858020551486154030551486173140551486682450551486450560551486623705514864403805514861196890551486125110055148154811055148202721205514803313130551482051405514884915055148451581605514845332170551485753180736429419073643293
2025-09-12 17:21:16,Honor X9a,00556866941055686928020556869754030556869773140556869824505568693056055686982370556869203805568696968905568697051100556867548110556867272120556866131313055686751405568646491505568631581605568633321705568655318074294190742293
2025-09-12 17:21:57,Alienware oled,00558311594105583178802055831754030558317731405583182824505583180205605583182723705583180103805583179689055831751100558319548110558312721205583103131305583151405583154915055831021581605583102332170558311453180726809419072681293
2025-09-12 17:22:06,Hbada E218 Ergonomic Office Chair,229.99
2025-09-12 17:22:47,BOOX Go Color7 Gen II,0056511294105651167802056511954030565119731405651107824505651105605651104237056511038056511968905651151100565116548110565112721205651193131305651151405651182491505651115816056511332170565111531807646941907646293
2025-09-13 17:15:37,100g Valcambi Gold Bar,19948.00
2025-09-13 17:15:41,Boox Go Color 7,549
2025-09-13 17:15:45,50g Valcambi Gold Bar,10072.00
2025-09-13 17:15:49,1 oz Valcambi Gold Bars,6272.00
2025-09-13 17:15:55,sports gene,25.00
2025-09-13 17:16:27,Certina C0364071105001,1985.001014.91
2025-09-13 17:16:30,Колекция Игра на тронове,119.9561.33
2025-09-13 17:17:13,Pocketbook Basic Lux 4,005589194105589692802055896454030558964731405589732824505589700560558972237055897090380558966968905589675110055891548110558952721205589831313055895514055894915055890158160558903321705589153180717349419071735293
2025-09-13 17:17:54,Lenovo M11,005584629410558455080205584525403055845273140558450824505584580560558452370558457038055845949689055845955110055846295481105584623272120558462863131305584623514055846264915055846281581605584628332170558462531807588941907589293
2025-09-13 17:18:34,Honor X9a,005578941055770480205577565403055775673140557748245055777056055771237055777038055774896890557749511005575354811055757272120557331313055757514055714915055771581605577332170557853180760689419076069293
2025-09-13 17:19:15,Alienware oled,005634139941056348020563400540305634007314056344824505634260560563442370563425038056342968905634351100563405481105634101272120563404313130563410151405634094915056341261581605634126332170563413853180792189419079219293
2025-09-13 17:19:24,Hbada E218 Ergonomic Office Chair,229.99
2025-09-13 17:20:05,BOOX Go Color7 Gen II,005587508949410558750309802055875035540305587503573140558750398245055875038105605587503623705587503800380558750349689055875034511005587508585481105587508527212055875083313130558750855140558750824491505587508811581605587508813321705587508935318072694190727293
2025-09-14 17:16:01,100g Valcambi Gold Bar,19948.00
2025-09-14 17:16:04,Boox Go Color 7,549
2025-09-14 17:16:08,50g Valcambi Gold Bar,10072.00
2025-09-14 17:16:12,1 oz Valcambi Gold Bars,6272.00
2025-09-14 17:16:16,sports gene,25.00
2025-09-14 17:16:59,Certina C0364071105001,1985.001014.91
2025-09-14 17:17:02,Колекция Игра на тронове,119.9561.33
2025-09-14 17:17:43,Pocketbook Basic Lux 4,005583635009410558362758020558362754030558362773140558363015824505583620560558363012237055836203805583629968905583625110055836344548110558363482721205583634313130558363485140558363490491505583634158160558363433217055836345318079494190795293
2025-09-14 17:18:24,Lenovo M11,005590604941055900798020559005403055900731405590119824505590010560559011623705590000380559009689055900511005590585481105590527212055905313130559055140559059449150559051158160559051332170559060353180754209419075421293
2025-09-14 17:19:05,Honor X9a,005596700994105596678020559660540305596607314055966182450559666056055966123705596650380559662968905596635110055966548110559661272120559664313130559661514055966994915055966615816055966633217055967008531807904941907904293
2025-09-14 17:19:45,Alienware oled,005610539594105610533380205610534255403056105342573140561053473824505610534405605610534702370561053440380561053417968905610534185110056105392254811056105392627212056105390931313056105392651405610538491505610539415816056105394332170561053955318075294190752293
2025-09-14 17:19:53,Hbada E218 Ergonomic Office Chair,229.99
2025-09-14 17:20:34,BOOX Go Color7 Gen II,0055829410556780205574954030557497314055797824505576056055794237055760380557396890557351100554654811055427212055231313055451405512491505561581605563321705581531807726941907726293
2025-09-15 17:18:25,100g Valcambi Gold Bar,20101.00
2025-09-15 17:18:29,Boox Go Color 7,549
2025-09-15 17:18:33,50g Valcambi Gold Bar,10149.00
2025-09-15 17:18:37,1 oz Valcambi Gold Bars,6320.00
2025-09-15 17:18:44,sports gene,25.00
2025-09-15 17:19:09,Certina C0364071105001,1985.001014.91
2025-09-15 17:19:14,Колекция Игра на тронове,119.9561.33
2025-09-15 17:19:55,Pocketbook Basic Lux 4,005546994105541138020554165540305541657314055413824505541805605541023705541803805541579689055415851100554662548110554666272120554649313130554666514055462491505546815816055468332170554695318074794190747293
2025-09-15 17:20:35,Lenovo M11,0055508294105550478020555054954030555054973140555059782450555056056055505942370555056038055505396890555053511005550465481105550427212055502313130555045140555012491505550615816055506332170555081531807737941907737293
2025-09-15 17:21:16,Honor X9a,00565037794105650322802056503275403056503277314056503282450565032405605650329237056503230380565032709689056503271511005650377548110565037727212056503762313130565037751405650374749150565037415816056503743321705650376531807724941907724293
2025-09-15 17:21:56,Alienware oled,00558060494105580647980205580645403055806473140558065198245055806410560558065162370558064003805580649689055806451100558069854811055806927212055806931313055806951405580699449150558069115816055806913321705580603531807238941907239293
2025-09-15 17:22:05,Hbada E218 Ergonomic Office Chair,229.99
2025-09-15 17:22:46,BOOX Go Color7 Gen II,005623694105623528020562363454030562363473140562368282450562365056056236723705623659038056236269689056236275110056233154811056233527212056231831313056233551405623491505623515816056235332170562365318070494190705293
2025-09-16 17:19:15,100g Valcambi Gold Bar,19984.00
2025-09-16 17:19:19,Boox Go Color 7,549
2025-09-16 17:19:22,50g Valcambi Gold Bar,10090.00
2025-09-16 17:19:26,1 oz Valcambi Gold Bars,6283.00
2025-09-16 17:19:32,sports gene,25.00
2025-09-16 17:19:52,Certina C0364071105001,1985.001014.91
2025-09-16 17:19:55,Колекция Игра на тронове,119.9561.33
2025-09-16 17:20:37,Pocketbook Basic Lux 4,0056276779410562766802056276735403056276737314056276788245056276764056056276789237056276763038056276730968905627673151100562763548110562763272120562762231313056276351405627607491505627664158160562766433217056276765318072724694190727247293
2025-09-16 17:21:18,Lenovo M11,0056125062941056125780205612529540305612529731405612577824505612540560561257423705612540380561251968905612515110056125026548110561250227212056125003131305612502514056125249150561250415816056125043321705612506153180758929419075893293
2025-09-16 17:21:58,Honor X9a,005624555194105624468020562450185403056245018731405624506682450562450305605624506323705624503038056245009689056245005110056245515548110562455192721205624543131305624551951405624541491505624553158160562455333217056245550531807612941907613293
2025-09-16 17:22:39,Alienware oled,005564911194105564909180205564903540305564903731405564903182450556490090560556490223705564900803805564905968905564906511005564910054811055649104272120556491073131305564910451405564910491505564911091581605564911093321705564911153180768089419076809293
2025-09-16 17:22:47,Hbada E218 Ergonomic Office Chair,229.99
2025-09-16 17:23:27,BOOX Go Color7 Gen II,005640317941056403480205640395403056403973140564038245056403405605640392370564033038056403909689056403915110056403195481105640319272120564031823131305640319514056403167491505640314158160564031433217056403165318072551494190725515293
2025-09-17 17:18:57,100g Valcambi Gold Bar,19974.00
2025-09-17 17:19:01,Boox Go Color 7,549
2025-09-17 17:19:05,50g Valcambi Gold Bar,10085.00
2025-09-17 17:19:08,1 oz Valcambi Gold Bars,6280.00
2025-09-17 17:19:15,sports gene,25.00
2025-09-17 17:19:45,Certina C0364071105001,1985.001014.91
2025-09-17 17:19:49,Колекция Игра на тронове,119.9561.33
2025-09-17 17:20:31,Pocketbook Basic Lux 4,00564521981941056452136802056452144854030564521448731405645214968245056452146056056452149323705645214603805645214396890564521435110056452194554811056452194927212056452192313130564521949514056452191149150564521961581605645219633217056452198053180782059419078205293
2025-09-17 17:21:13,Lenovo M11,0055778278941055777802055777354030557773731405577788245055777650560557778237055777640380557773196890557773251100557782354811055778240272120557782233131305577824051405577820849150557782651581605577826533217055778277531807473941907473293
2025-09-17 17:21:54,Honor X9a,005598773941055981880205598235403055982373140559828882450559826005605598285237055982503805598229689055982251100559873754811055987327212055987131313055987351405598703491505598760158160559876033217055987725318076494190765293
2025-09-17 17:22:36,Alienware oled,0056306941056301348020563018654030563018673140563014824505630105605630112370563010380563017896890563017951100563068354811056306872721205630663131305630687514056306449150563061581605630633217056306531807418941907419293
2025-09-17 17:22:45,Hbada E218 Ergonomic Office Chair,229.99
2025-09-17 17:23:26,BOOX Go Color7 Gen II,005576559410557508020557602254030557602273140557607082450557604805605576062370557604703805576014968905576015511005576515481105576523272120557650631313055765235140557644915055765481581605576548332170557655531807114941907115293
